
delete billentity_base from billentity_base inner join bill_base on billentity_base.iBillId=bill_base.id where bill_base.cBillNo='aa_goodsposition' ;
delete billtemplate_base from billtemplate_base inner join bill_base on billtemplate_base.iBillId=bill_base.id where bill_base.cBillNo='aa_goodsposition' ;
delete billtplgroup_base from billtplgroup_base inner join bill_base on billtplgroup_base.iBillId=bill_base.id where bill_base.cBillNo='aa_goodsposition' ;
delete billitem_base from billitem_base inner JOIN bill_base on billitem_base.iBillId=bill_base.id where bill_base.cBillNo='aa_goodsposition' ;
delete from pub_makebillrule_detail where makebill_id in (select makebill_id from pub_makebillrule where iBillId in (select id from bill_base where cBillNo='aa_goodsposition'));
delete from pub_makebillrule where iBillId in (select id from bill_base where cBillNo='aa_goodsposition');
delete from bill_base where cBillNo='aa_goodsposition';

select ifnull(max(id),0)+1 into @id4 from bill_base;
insert into bill_base(`id`,`cBillNo`,`cName`,`cCardKey`,`cSubId`,`iDefTplId`,`iDefPrnTplId`,`iOrder`,`bAllowMultiTpl`,`cDefWhere`,`isDeleted`,`bPrintLimited`,`iSystem`,`cAuthId`,`cBillType`,`cBeanId`,`cFilterId`,`bRowAuthControl`,`bColumnAuthControl`,`bRowAuthObject`,`bColumnAuthControlled`,`bRowAuthControlled`,`cPersonDataSource`,`cCarry`,`authGroupKey`,`authType`,`pkField`,`parentField`,`i18ndoc`) values (@id4,'aa_goodsposition','货位树卡','aa_goodsposition','AA',null,null,0,0,null,0,null,1,null,'TreeArchive',null,null,0,0,0,0,0,null,null,'aa_goodsposition',null,null,null,1);

select ifnull(max(id),0)+1 into @id9 from billentity_base;
insert into billentity_base(`id`,`iBillId`,`cCode`,`cName`,`cSubId`,`iOrder`,`isDeleted`,`cDataSourceName`,`cPrimaryKey`,`iSystem`,`bMain`,`cForeignKey`,`cParentCode`,`childrenField`,`cModelType`,`bIsNull`,`label`) values (@id9,@id4,'GoodsPosition_1','货位','AA',null,0,'aa.goodsposition.GoodsPosition','id',1,1,null,null,null,null,0,'goodsPositionUserdef');

select ifnull(max(id),0)+1 into @id14 from billtemplate_base;
insert into billtemplate_base(`id`,`iBillId`,`cName`,`iOrder`,`iTplMode`,`iWidth`,`isDeleted`,`cPrintSetting`,`cPageHeader`,`cPageFooter`,`cTitleHeight`,`iPrintTotal`,`iFixedCols`,`cMemo`,`cTitle`,`iGridStyle`,`cRowLayout`,`cTitleStyle`,`cTotalColor`,`cAmongColor`,`cFixedColor`) values (@id14,@id4,'货位树卡显示模板',0,0,'10000',0,null,null,null,null,null,null,null,'货位树卡',null,null,null,null,null,null);

select ifnull(max(id),0)+1 into @id19 from billtplgroup_base;
insert into billtplgroup_base(`id`,`iBillId`,`iBillEntityId`,`iTplId`,`cCode`,`cName`,`cSubId`,`iOrder`,`cDataSourceName`,`cPrimaryKey`,`isDeleted`,`iSystem`,`bMain`,`cForeignKey`,`cParentDataSource`,`cType`,`iParentID`,`cAlign`,`iCols`,`cStyle`,`cImage`) values (@id19,@id4,@id9,@id14,'Condition','树卡条件','AA',1,'aa.goodsposition.GoodsPosition','id',0,1,1,null,null,'div',null,'top',3,'{"classname":"listheadRow cargo-location-head"}',null);
set @id20=@id19+1;
insert into billtplgroup_base(`id`,`iBillId`,`iBillEntityId`,`iTplId`,`cCode`,`cName`,`cSubId`,`iOrder`,`cDataSourceName`,`cPrimaryKey`,`isDeleted`,`iSystem`,`bMain`,`cForeignKey`,`cParentDataSource`,`cType`,`iParentID`,`cAlign`,`iCols`,`cStyle`,`cImage`) values (@id20,@id4,@id9,@id14,'GoodsBody','货位Body','AA',2,'aa.goodsposition.GoodsPosition','id',0,1,1,null,null,'div',null,'center',null,'{"classname":"cargo-location-count"}',null);
set @id21=@id20+1;
insert into billtplgroup_base(`id`,`iBillId`,`iBillEntityId`,`iTplId`,`cCode`,`cName`,`cSubId`,`iOrder`,`cDataSourceName`,`cPrimaryKey`,`isDeleted`,`iSystem`,`bMain`,`cForeignKey`,`cParentDataSource`,`cType`,`iParentID`,`cAlign`,`iCols`,`cStyle`,`cImage`) values (@id21,@id4,@id9,@id14,'Title','货位','AA',1,'aa.goodsposition.GoodsPosition','id',0,1,1,null,null,'title',@id20,'right',null,null,null);
set @id22=@id21+1;
insert into billtplgroup_base(`id`,`iBillId`,`iBillEntityId`,`iTplId`,`cCode`,`cName`,`cSubId`,`iOrder`,`cDataSourceName`,`cPrimaryKey`,`isDeleted`,`iSystem`,`bMain`,`cForeignKey`,`cParentDataSource`,`cType`,`iParentID`,`cAlign`,`iCols`,`cStyle`,`cImage`) values (@id22,@id4,@id9,@id14,'Header_1','Header','AA',1,'aa.goodsposition.GoodsPosition','id',0,1,1,null,null,'div',@id20,'right',null,'{"classname":"tab-padding-bottom"}',null);
set @id23=@id22+1;
insert into billtplgroup_base(`id`,`iBillId`,`iBillEntityId`,`iTplId`,`cCode`,`cName`,`cSubId`,`iOrder`,`cDataSourceName`,`cPrimaryKey`,`isDeleted`,`iSystem`,`bMain`,`cForeignKey`,`cParentDataSource`,`cType`,`iParentID`,`cAlign`,`iCols`,`cStyle`,`cImage`) values (@id23,@id4,@id9,@id14,'Tree_4','货位树','AA',4,'aa.goodsposition.GoodsPosition','id',0,1,1,null,null,'SearchTree',@id20,'left',null,'{"filters":["code","name"],"placeholder":"货位名称/编码"}',null);
set @id24=@id23+1;
insert into billtplgroup_base(`id`,`iBillId`,`iBillEntityId`,`iTplId`,`cCode`,`cName`,`cSubId`,`iOrder`,`cDataSourceName`,`cPrimaryKey`,`isDeleted`,`iSystem`,`bMain`,`cForeignKey`,`cParentDataSource`,`cType`,`iParentID`,`cAlign`,`iCols`,`cStyle`,`cImage`) values (@id24,@id4,@id9,@id14,'toolbartop','toolbartop','AA',0,'aa.goodsposition.GoodsPosition','id',0,1,1,null,null,'div',@id20,'top',null,null,null);
set @id25=@id24+1;
insert into billtplgroup_base(`id`,`iBillId`,`iBillEntityId`,`iTplId`,`cCode`,`cName`,`cSubId`,`iOrder`,`cDataSourceName`,`cPrimaryKey`,`isDeleted`,`iSystem`,`bMain`,`cForeignKey`,`cParentDataSource`,`cType`,`iParentID`,`cAlign`,`iCols`,`cStyle`,`cImage`) values (@id25,@id4,@id9,@id14,'toolbarbottom','toolbarbottom','AA','10','aa.goodsposition.GoodsPosition','id',0,1,1,null,null,'div',@id20,'bottom',null,'{"classname":"cargo-location-bottom-toolbar"}',null);
set @id26=@id25+1;
insert into billtplgroup_base(`id`,`iBillId`,`iBillEntityId`,`iTplId`,`cCode`,`cName`,`cSubId`,`iOrder`,`cDataSourceName`,`cPrimaryKey`,`isDeleted`,`iSystem`,`bMain`,`cForeignKey`,`cParentDataSource`,`cType`,`iParentID`,`cAlign`,`iCols`,`cStyle`,`cImage`) values (@id26,@id4,@id9,@id14,'fastAddGoodspositionDiv','快速定义货位','AA','380','aa.goodsposition.GoodsPosition','id',0,1,1,null,null,'modal',@id20,'top',null,null,null);
set @id27=@id26+1;
insert into billtplgroup_base(`id`,`iBillId`,`iBillEntityId`,`iTplId`,`cCode`,`cName`,`cSubId`,`iOrder`,`cDataSourceName`,`cPrimaryKey`,`isDeleted`,`iSystem`,`bMain`,`cForeignKey`,`cParentDataSource`,`cType`,`iParentID`,`cAlign`,`iCols`,`cStyle`,`cImage`) values (@id27,@id4,@id9,@id14,'快速定义货位表格','快速定义货位表格','AA','390','aa.goodsposition.GoodsPosition','id',0,1,1,null,null,'div',@id26,'top',2,'{"classname":"twoInclusion"}',null);

select ifnull(max(id),0)+1 into @id32 from billitem_base;
insert into billitem_base(`id`,`iBillId`,`iBillEntityId`,`iTplId`,`iBillTplGroupId`,`cSubId`,`cFieldName`,`cName`,`cCaption`,`cShowCaption`,`iOrder`,`iMaxLength`,`iFieldType`,`bEnum`,`cEnumString`,`isDeleted`,`bMustSelect`,`bHidden`,`cRefType`,`cRefId`,`cRefRetID`,`cDataRule`,`iFunctionType`,`bSplit`,`bExtend`,`iNumPoint`,`bCanModify`,`cSourceType`,`iMaxShowLen`,`cMemo`,`iColWidth`,`cSumType`,`iAlign`,`bNeedSum`,`bShowIt`,`bFixed`,`bFilter`,`cDefaultValue`,`cFormatData`,`cUserId`,`iTabIndex`,`bIsNull`,`bPrintCaption`,`bJointQuery`,`bPrintUpCase`,`bSelfDefine`,`cDataSourceName`,`cOrder`,`bCheck`,`cControlType`,`cEnumType`,`refReturn`,`bShowInRowAuth`,`iRowAuthBillId`,`cStyle`,`cSelfDefineType`,`bVmExclude`,`bRowAuthDim`,`isExport`) values (@id32,@id4,@id9,@id14,@id22,'AA','id','id','ID','ID',0,null,1,null,null,0,1,1,null,null,null,null,null,0,0,null,0,null,'255',null,1,null,1,0,0,null,0,null,null,null,0,1,null,null,null,null,'aa.goodsposition.GoodsPosition',null,null,'InputNumber',null,null,0,null,null,null,0,0,0);
set @id33=@id32+1;
insert into billitem_base(`id`,`iBillId`,`iBillEntityId`,`iTplId`,`iBillTplGroupId`,`cSubId`,`cFieldName`,`cName`,`cCaption`,`cShowCaption`,`iOrder`,`iMaxLength`,`iFieldType`,`bEnum`,`cEnumString`,`isDeleted`,`bMustSelect`,`bHidden`,`cRefType`,`cRefId`,`cRefRetID`,`cDataRule`,`iFunctionType`,`bSplit`,`bExtend`,`iNumPoint`,`bCanModify`,`cSourceType`,`iMaxShowLen`,`cMemo`,`iColWidth`,`cSumType`,`iAlign`,`bNeedSum`,`bShowIt`,`bFixed`,`bFilter`,`cDefaultValue`,`cFormatData`,`cUserId`,`iTabIndex`,`bIsNull`,`bPrintCaption`,`bJointQuery`,`bPrintUpCase`,`bSelfDefine`,`cDataSourceName`,`cOrder`,`bCheck`,`cControlType`,`cEnumType`,`refReturn`,`bShowInRowAuth`,`iRowAuthBillId`,`cStyle`,`cSelfDefineType`,`bVmExclude`,`bRowAuthDim`,`isExport`) values (@id33,@id4,@id9,@id14,@id22,'AA','code','code','货位号','货位编码',1,null,1,null,null,0,1,0,null,null,null,null,null,0,0,null,1,null,'255',null,1,null,1,0,1,null,0,null,null,null,1,0,null,null,null,null,'aa.goodsposition.GoodsPosition',null,1,'Input',null,null,0,null,'{"explains":"汉字数字字母组合，手工录入，无自动编码规则，不能重复。"}',null,0,0,1);
set @id34=@id33+1;
insert into billitem_base(`id`,`iBillId`,`iBillEntityId`,`iTplId`,`iBillTplGroupId`,`cSubId`,`cFieldName`,`cName`,`cCaption`,`cShowCaption`,`iOrder`,`iMaxLength`,`iFieldType`,`bEnum`,`cEnumString`,`isDeleted`,`bMustSelect`,`bHidden`,`cRefType`,`cRefId`,`cRefRetID`,`cDataRule`,`iFunctionType`,`bSplit`,`bExtend`,`iNumPoint`,`bCanModify`,`cSourceType`,`iMaxShowLen`,`cMemo`,`iColWidth`,`cSumType`,`iAlign`,`bNeedSum`,`bShowIt`,`bFixed`,`bFilter`,`cDefaultValue`,`cFormatData`,`cUserId`,`iTabIndex`,`bIsNull`,`bPrintCaption`,`bJointQuery`,`bPrintUpCase`,`bSelfDefine`,`cDataSourceName`,`cOrder`,`bCheck`,`cControlType`,`cEnumType`,`refReturn`,`bShowInRowAuth`,`iRowAuthBillId`,`cStyle`,`cSelfDefineType`,`bVmExclude`,`bRowAuthDim`,`isExport`) values (@id34,@id4,@id9,@id14,@id22,'AA','name','name','货位名称','货位名称',2,null,1,null,null,0,1,0,null,null,null,null,null,0,0,null,1,null,'255',null,1,null,1,0,1,null,0,null,null,null,2,0,null,null,null,null,'aa.goodsposition.GoodsPosition',null,null,'InputMultiLang',null,null,0,null,'{"explains":"文本"}',null,0,0,1);
set @id35=@id34+1;
insert into billitem_base(`id`,`iBillId`,`iBillEntityId`,`iTplId`,`iBillTplGroupId`,`cSubId`,`cFieldName`,`cName`,`cCaption`,`cShowCaption`,`iOrder`,`iMaxLength`,`iFieldType`,`bEnum`,`cEnumString`,`isDeleted`,`bMustSelect`,`bHidden`,`cRefType`,`cRefId`,`cRefRetID`,`cDataRule`,`iFunctionType`,`bSplit`,`bExtend`,`iNumPoint`,`bCanModify`,`cSourceType`,`iMaxShowLen`,`cMemo`,`iColWidth`,`cSumType`,`iAlign`,`bNeedSum`,`bShowIt`,`bFixed`,`bFilter`,`cDefaultValue`,`cFormatData`,`cUserId`,`iTabIndex`,`bIsNull`,`bPrintCaption`,`bJointQuery`,`bPrintUpCase`,`bSelfDefine`,`cDataSourceName`,`cOrder`,`bCheck`,`cControlType`,`cEnumType`,`refReturn`,`bShowInRowAuth`,`iRowAuthBillId`,`cStyle`,`cSelfDefineType`,`bVmExclude`,`bRowAuthDim`,`isExport`) values (@id35,@id4,@id9,@id14,@id22,'AA','warehouseId','warehouseId','所属仓库','所属仓库',3,null,1,null,null,0,1,1,null,null,null,null,null,0,0,null,0,null,'255',null,1,null,1,0,0,null,0,null,null,null,5,1,null,null,null,null,'aa.goodsposition.GoodsPosition',null,null,'Input',null,null,0,null,null,null,0,0,0);
set @id36=@id35+1;
insert into billitem_base(`id`,`iBillId`,`iBillEntityId`,`iTplId`,`iBillTplGroupId`,`cSubId`,`cFieldName`,`cName`,`cCaption`,`cShowCaption`,`iOrder`,`iMaxLength`,`iFieldType`,`bEnum`,`cEnumString`,`isDeleted`,`bMustSelect`,`bHidden`,`cRefType`,`cRefId`,`cRefRetID`,`cDataRule`,`iFunctionType`,`bSplit`,`bExtend`,`iNumPoint`,`bCanModify`,`cSourceType`,`iMaxShowLen`,`cMemo`,`iColWidth`,`cSumType`,`iAlign`,`bNeedSum`,`bShowIt`,`bFixed`,`bFilter`,`cDefaultValue`,`cFormatData`,`cUserId`,`iTabIndex`,`bIsNull`,`bPrintCaption`,`bJointQuery`,`bPrintUpCase`,`bSelfDefine`,`cDataSourceName`,`cOrder`,`bCheck`,`cControlType`,`cEnumType`,`refReturn`,`bShowInRowAuth`,`iRowAuthBillId`,`cStyle`,`cSelfDefineType`,`bVmExclude`,`bRowAuthDim`,`isExport`) values (@id36,@id4,@id9,@id14,@id22,'AA','warehouseId.name','warehouseId_name','所属仓库','所属仓库',4,null,1,null,null,0,1,0,'aa_warehouse_stocksref',null,'{"warehouseId":"id","warehouseId_name":"name"}',null,null,0,0,null,0,null,'255',null,1,null,1,0,1,null,0,null,null,null,6,0,null,null,null,null,'aa.goodsposition.GoodsPosition',null,null,'Refer',null,'name',0,null,'{"explains":"仓库编码"}',null,0,0,1);
set @id37=@id36+1;
insert into billitem_base(`id`,`iBillId`,`iBillEntityId`,`iTplId`,`iBillTplGroupId`,`cSubId`,`cFieldName`,`cName`,`cCaption`,`cShowCaption`,`iOrder`,`iMaxLength`,`iFieldType`,`bEnum`,`cEnumString`,`isDeleted`,`bMustSelect`,`bHidden`,`cRefType`,`cRefId`,`cRefRetID`,`cDataRule`,`iFunctionType`,`bSplit`,`bExtend`,`iNumPoint`,`bCanModify`,`cSourceType`,`iMaxShowLen`,`cMemo`,`iColWidth`,`cSumType`,`iAlign`,`bNeedSum`,`bShowIt`,`bFixed`,`bFilter`,`cDefaultValue`,`cFormatData`,`cUserId`,`iTabIndex`,`bIsNull`,`bPrintCaption`,`bJointQuery`,`bPrintUpCase`,`bSelfDefine`,`cDataSourceName`,`cOrder`,`bCheck`,`cControlType`,`cEnumType`,`refReturn`,`bShowInRowAuth`,`iRowAuthBillId`,`cStyle`,`cSelfDefineType`,`bVmExclude`,`bRowAuthDim`,`isExport`) values (@id37,@id4,@id9,@id14,@id22,'AA','parent','parent','上级货位id','上级货位id',5,null,1,null,null,0,1,1,null,null,null,null,null,0,0,null,0,null,'255',null,1,null,1,0,0,null,0,null,null,null,7,1,null,null,null,null,'aa.goodsposition.GoodsPosition',null,null,'Input',null,null,0,null,null,null,0,0,0);
set @id38=@id37+1;
insert into billitem_base(`id`,`iBillId`,`iBillEntityId`,`iTplId`,`iBillTplGroupId`,`cSubId`,`cFieldName`,`cName`,`cCaption`,`cShowCaption`,`iOrder`,`iMaxLength`,`iFieldType`,`bEnum`,`cEnumString`,`isDeleted`,`bMustSelect`,`bHidden`,`cRefType`,`cRefId`,`cRefRetID`,`cDataRule`,`iFunctionType`,`bSplit`,`bExtend`,`iNumPoint`,`bCanModify`,`cSourceType`,`iMaxShowLen`,`cMemo`,`iColWidth`,`cSumType`,`iAlign`,`bNeedSum`,`bShowIt`,`bFixed`,`bFilter`,`cDefaultValue`,`cFormatData`,`cUserId`,`iTabIndex`,`bIsNull`,`bPrintCaption`,`bJointQuery`,`bPrintUpCase`,`bSelfDefine`,`cDataSourceName`,`cOrder`,`bCheck`,`cControlType`,`cEnumType`,`refReturn`,`bShowInRowAuth`,`iRowAuthBillId`,`cStyle`,`cSelfDefineType`,`bVmExclude`,`bRowAuthDim`,`isExport`) values (@id38,@id4,@id9,@id14,@id22,'AA','parent.name','parent_name','上级货位','上级货位',6,null,1,null,null,0,1,0,'aa_goodspositionref',null,'{"parent":"id"}',null,null,0,0,null,0,null,'255',null,1,null,1,0,1,null,0,null,null,null,8,1,null,null,null,null,'aa.goodsposition.GoodsPosition',null,null,'TreeRefer',null,'name',0,null,'{"explains":"填写上级货位的编码。多级货位时使用，首级货位不用录入，录入后，该行的货位编码视为上级货位的子货位。"}',null,0,0,1);
set @id39=@id38+1;
insert into billitem_base(`id`,`iBillId`,`iBillEntityId`,`iTplId`,`iBillTplGroupId`,`cSubId`,`cFieldName`,`cName`,`cCaption`,`cShowCaption`,`iOrder`,`iMaxLength`,`iFieldType`,`bEnum`,`cEnumString`,`isDeleted`,`bMustSelect`,`bHidden`,`cRefType`,`cRefId`,`cRefRetID`,`cDataRule`,`iFunctionType`,`bSplit`,`bExtend`,`iNumPoint`,`bCanModify`,`cSourceType`,`iMaxShowLen`,`cMemo`,`iColWidth`,`cSumType`,`iAlign`,`bNeedSum`,`bShowIt`,`bFixed`,`bFilter`,`cDefaultValue`,`cFormatData`,`cUserId`,`iTabIndex`,`bIsNull`,`bPrintCaption`,`bJointQuery`,`bPrintUpCase`,`bSelfDefine`,`cDataSourceName`,`cOrder`,`bCheck`,`cControlType`,`cEnumType`,`refReturn`,`bShowInRowAuth`,`iRowAuthBillId`,`cStyle`,`cSelfDefineType`,`bVmExclude`,`bRowAuthDim`,`isExport`) values (@id39,@id4,@id9,@id14,@id22,'AA','level','level','层级','层级',7,null,1,null,null,0,1,1,null,null,null,null,null,0,0,null,1,null,'255',null,1,null,1,0,0,null,0,null,null,null,9,1,null,null,null,null,'aa.goodsposition.GoodsPosition',null,null,'InputNumber',null,null,0,null,null,null,0,0,0);
set @id40=@id39+1;
insert into billitem_base(`id`,`iBillId`,`iBillEntityId`,`iTplId`,`iBillTplGroupId`,`cSubId`,`cFieldName`,`cName`,`cCaption`,`cShowCaption`,`iOrder`,`iMaxLength`,`iFieldType`,`bEnum`,`cEnumString`,`isDeleted`,`bMustSelect`,`bHidden`,`cRefType`,`cRefId`,`cRefRetID`,`cDataRule`,`iFunctionType`,`bSplit`,`bExtend`,`iNumPoint`,`bCanModify`,`cSourceType`,`iMaxShowLen`,`cMemo`,`iColWidth`,`cSumType`,`iAlign`,`bNeedSum`,`bShowIt`,`bFixed`,`bFilter`,`cDefaultValue`,`cFormatData`,`cUserId`,`iTabIndex`,`bIsNull`,`bPrintCaption`,`bJointQuery`,`bPrintUpCase`,`bSelfDefine`,`cDataSourceName`,`cOrder`,`bCheck`,`cControlType`,`cEnumType`,`refReturn`,`bShowInRowAuth`,`iRowAuthBillId`,`cStyle`,`cSelfDefineType`,`bVmExclude`,`bRowAuthDim`,`isExport`) values (@id40,@id4,@id9,@id14,@id22,'AA','path','path','路径','路径',8,null,1,null,null,0,1,1,null,null,null,null,null,0,0,null,1,null,'255',null,1,null,1,0,0,null,0,null,null,null,'10',1,null,null,null,null,'aa.goodsposition.GoodsPosition',null,null,'Input',null,null,0,null,null,null,0,0,0);
set @id41=@id40+1;
insert into billitem_base(`id`,`iBillId`,`iBillEntityId`,`iTplId`,`iBillTplGroupId`,`cSubId`,`cFieldName`,`cName`,`cCaption`,`cShowCaption`,`iOrder`,`iMaxLength`,`iFieldType`,`bEnum`,`cEnumString`,`isDeleted`,`bMustSelect`,`bHidden`,`cRefType`,`cRefId`,`cRefRetID`,`cDataRule`,`iFunctionType`,`bSplit`,`bExtend`,`iNumPoint`,`bCanModify`,`cSourceType`,`iMaxShowLen`,`cMemo`,`iColWidth`,`cSumType`,`iAlign`,`bNeedSum`,`bShowIt`,`bFixed`,`bFilter`,`cDefaultValue`,`cFormatData`,`cUserId`,`iTabIndex`,`bIsNull`,`bPrintCaption`,`bJointQuery`,`bPrintUpCase`,`bSelfDefine`,`cDataSourceName`,`cOrder`,`bCheck`,`cControlType`,`cEnumType`,`refReturn`,`bShowInRowAuth`,`iRowAuthBillId`,`cStyle`,`cSelfDefineType`,`bVmExclude`,`bRowAuthDim`,`isExport`) values (@id41,@id4,@id9,@id14,@id22,'AA','sort','sort','排序号','排序号',9,null,1,null,null,0,1,1,null,null,null,null,null,0,0,null,1,null,'255',null,1,null,1,0,0,null,0,null,null,null,'11',1,null,null,null,null,'aa.goodsposition.GoodsPosition',null,null,'InputNumber',null,null,0,null,null,null,0,0,0);
set @id42=@id41+1;
insert into billitem_base(`id`,`iBillId`,`iBillEntityId`,`iTplId`,`iBillTplGroupId`,`cSubId`,`cFieldName`,`cName`,`cCaption`,`cShowCaption`,`iOrder`,`iMaxLength`,`iFieldType`,`bEnum`,`cEnumString`,`isDeleted`,`bMustSelect`,`bHidden`,`cRefType`,`cRefId`,`cRefRetID`,`cDataRule`,`iFunctionType`,`bSplit`,`bExtend`,`iNumPoint`,`bCanModify`,`cSourceType`,`iMaxShowLen`,`cMemo`,`iColWidth`,`cSumType`,`iAlign`,`bNeedSum`,`bShowIt`,`bFixed`,`bFilter`,`cDefaultValue`,`cFormatData`,`cUserId`,`iTabIndex`,`bIsNull`,`bPrintCaption`,`bJointQuery`,`bPrintUpCase`,`bSelfDefine`,`cDataSourceName`,`cOrder`,`bCheck`,`cControlType`,`cEnumType`,`refReturn`,`bShowInRowAuth`,`iRowAuthBillId`,`cStyle`,`cSelfDefineType`,`bVmExclude`,`bRowAuthDim`,`isExport`) values (@id42,@id4,@id9,@id14,@id22,'AA','isEnd','isEnd','是否末级','是否末级','10',null,1,null,null,0,1,1,null,null,null,null,null,0,0,null,1,null,'255',null,1,null,1,0,0,null,0,1,null,null,'12',1,null,null,null,null,'aa.goodsposition.GoodsPosition',null,null,'Switch',null,null,0,null,null,null,0,0,0);
set @id43=@id42+1;
insert into billitem_base(`id`,`iBillId`,`iBillEntityId`,`iTplId`,`iBillTplGroupId`,`cSubId`,`cFieldName`,`cName`,`cCaption`,`cShowCaption`,`iOrder`,`iMaxLength`,`iFieldType`,`bEnum`,`cEnumString`,`isDeleted`,`bMustSelect`,`bHidden`,`cRefType`,`cRefId`,`cRefRetID`,`cDataRule`,`iFunctionType`,`bSplit`,`bExtend`,`iNumPoint`,`bCanModify`,`cSourceType`,`iMaxShowLen`,`cMemo`,`iColWidth`,`cSumType`,`iAlign`,`bNeedSum`,`bShowIt`,`bFixed`,`bFilter`,`cDefaultValue`,`cFormatData`,`cUserId`,`iTabIndex`,`bIsNull`,`bPrintCaption`,`bJointQuery`,`bPrintUpCase`,`bSelfDefine`,`cDataSourceName`,`cOrder`,`bCheck`,`cControlType`,`cEnumType`,`refReturn`,`bShowInRowAuth`,`iRowAuthBillId`,`cStyle`,`cSelfDefineType`,`bVmExclude`,`bRowAuthDim`,`isExport`) values (@id43,@id4,@id9,@id14,@id22,'AA','pubts','pubts','时间戳','时间戳','11',null,1,null,null,0,1,1,null,null,null,null,null,0,0,null,1,null,'255',null,1,null,1,0,0,null,0,null,null,null,'13',1,null,null,null,null,'aa.goodsposition.GoodsPosition',null,null,'datepicker',null,null,0,null,null,null,0,0,0);
set @id44=@id43+1;
insert into billitem_base(`id`,`iBillId`,`iBillEntityId`,`iTplId`,`iBillTplGroupId`,`cSubId`,`cFieldName`,`cName`,`cCaption`,`cShowCaption`,`iOrder`,`iMaxLength`,`iFieldType`,`bEnum`,`cEnumString`,`isDeleted`,`bMustSelect`,`bHidden`,`cRefType`,`cRefId`,`cRefRetID`,`cDataRule`,`iFunctionType`,`bSplit`,`bExtend`,`iNumPoint`,`bCanModify`,`cSourceType`,`iMaxShowLen`,`cMemo`,`iColWidth`,`cSumType`,`iAlign`,`bNeedSum`,`bShowIt`,`bFixed`,`bFilter`,`cDefaultValue`,`cFormatData`,`cUserId`,`iTabIndex`,`bIsNull`,`bPrintCaption`,`bJointQuery`,`bPrintUpCase`,`bSelfDefine`,`cDataSourceName`,`cOrder`,`bCheck`,`cControlType`,`cEnumType`,`refReturn`,`bShowInRowAuth`,`iRowAuthBillId`,`cStyle`,`cSelfDefineType`,`bVmExclude`,`bRowAuthDim`,`isExport`) values (@id44,@id4,@id9,@id14,@id22,'AA','volume','volume','货位容积','货位容积','12',null,1,null,null,0,1,0,null,null,null,null,null,0,0,null,1,null,'255',null,1,null,1,0,1,null,0,null,null,null,'14',1,null,null,null,null,'aa.goodsposition.GoodsPosition',null,null,'InputNumber',null,null,0,null,'{"explains":"数值，单位：立方米","after":"立方米"}',null,0,0,1);
set @id45=@id44+1;
insert into billitem_base(`id`,`iBillId`,`iBillEntityId`,`iTplId`,`iBillTplGroupId`,`cSubId`,`cFieldName`,`cName`,`cCaption`,`cShowCaption`,`iOrder`,`iMaxLength`,`iFieldType`,`bEnum`,`cEnumString`,`isDeleted`,`bMustSelect`,`bHidden`,`cRefType`,`cRefId`,`cRefRetID`,`cDataRule`,`iFunctionType`,`bSplit`,`bExtend`,`iNumPoint`,`bCanModify`,`cSourceType`,`iMaxShowLen`,`cMemo`,`iColWidth`,`cSumType`,`iAlign`,`bNeedSum`,`bShowIt`,`bFixed`,`bFilter`,`cDefaultValue`,`cFormatData`,`cUserId`,`iTabIndex`,`bIsNull`,`bPrintCaption`,`bJointQuery`,`bPrintUpCase`,`bSelfDefine`,`cDataSourceName`,`cOrder`,`bCheck`,`cControlType`,`cEnumType`,`refReturn`,`bShowInRowAuth`,`iRowAuthBillId`,`cStyle`,`cSelfDefineType`,`bVmExclude`,`bRowAuthDim`,`isExport`) values (@id45,@id4,@id9,@id14,@id22,'AA','charger','charger','负责人','负责人','13',null,1,null,null,0,1,0,null,null,null,null,null,0,0,null,1,null,'255',null,1,null,1,0,1,null,0,null,null,null,'15',1,null,null,null,null,'aa.goodsposition.GoodsPosition',null,null,'Input',null,null,0,null,'{"explains":"文本"}',null,0,0,1);
set @id46=@id45+1;
insert into billitem_base(`id`,`iBillId`,`iBillEntityId`,`iTplId`,`iBillTplGroupId`,`cSubId`,`cFieldName`,`cName`,`cCaption`,`cShowCaption`,`iOrder`,`iMaxLength`,`iFieldType`,`bEnum`,`cEnumString`,`isDeleted`,`bMustSelect`,`bHidden`,`cRefType`,`cRefId`,`cRefRetID`,`cDataRule`,`iFunctionType`,`bSplit`,`bExtend`,`iNumPoint`,`bCanModify`,`cSourceType`,`iMaxShowLen`,`cMemo`,`iColWidth`,`cSumType`,`iAlign`,`bNeedSum`,`bShowIt`,`bFixed`,`bFilter`,`cDefaultValue`,`cFormatData`,`cUserId`,`iTabIndex`,`bIsNull`,`bPrintCaption`,`bJointQuery`,`bPrintUpCase`,`bSelfDefine`,`cDataSourceName`,`cOrder`,`bCheck`,`cControlType`,`cEnumType`,`refReturn`,`bShowInRowAuth`,`iRowAuthBillId`,`cStyle`,`cSelfDefineType`,`bVmExclude`,`bRowAuthDim`,`isExport`) values (@id46,@id4,@id9,@id14,@id22,'AA','iCustID','iCustID','所属客户','所属客户','14',null,1,null,null,0,1,1,null,null,null,null,null,0,0,null,0,null,'255',null,1,null,1,0,0,null,0,null,null,null,'18',1,null,null,null,null,'aa.goodsposition.GoodsPosition',null,null,'Input',null,null,0,null,null,null,0,0,0);
set @id47=@id46+1;
insert into billitem_base(`id`,`iBillId`,`iBillEntityId`,`iTplId`,`iBillTplGroupId`,`cSubId`,`cFieldName`,`cName`,`cCaption`,`cShowCaption`,`iOrder`,`iMaxLength`,`iFieldType`,`bEnum`,`cEnumString`,`isDeleted`,`bMustSelect`,`bHidden`,`cRefType`,`cRefId`,`cRefRetID`,`cDataRule`,`iFunctionType`,`bSplit`,`bExtend`,`iNumPoint`,`bCanModify`,`cSourceType`,`iMaxShowLen`,`cMemo`,`iColWidth`,`cSumType`,`iAlign`,`bNeedSum`,`bShowIt`,`bFixed`,`bFilter`,`cDefaultValue`,`cFormatData`,`cUserId`,`iTabIndex`,`bIsNull`,`bPrintCaption`,`bJointQuery`,`bPrintUpCase`,`bSelfDefine`,`cDataSourceName`,`cOrder`,`bCheck`,`cControlType`,`cEnumType`,`refReturn`,`bShowInRowAuth`,`iRowAuthBillId`,`cStyle`,`cSelfDefineType`,`bVmExclude`,`bRowAuthDim`,`isExport`) values (@id47,@id4,@id9,@id14,@id22,'AA','iCustID.name','iCustID_name','所属客户','所属客户','15',null,1,null,null,0,1,1,'aa_customer',null,'{"iCustID":"id","iCustID_name":"name"}',null,null,0,0,null,0,null,'255',null,1,null,1,0,0,null,0,null,null,null,'19',1,null,null,null,null,'aa.goodsposition.GoodsPosition',null,null,'Refer',null,'name',0,null,null,null,0,0,0);
set @id48=@id47+1;
insert into billitem_base(`id`,`iBillId`,`iBillEntityId`,`iTplId`,`iBillTplGroupId`,`cSubId`,`cFieldName`,`cName`,`cCaption`,`cShowCaption`,`iOrder`,`iMaxLength`,`iFieldType`,`bEnum`,`cEnumString`,`isDeleted`,`bMustSelect`,`bHidden`,`cRefType`,`cRefId`,`cRefRetID`,`cDataRule`,`iFunctionType`,`bSplit`,`bExtend`,`iNumPoint`,`bCanModify`,`cSourceType`,`iMaxShowLen`,`cMemo`,`iColWidth`,`cSumType`,`iAlign`,`bNeedSum`,`bShowIt`,`bFixed`,`bFilter`,`cDefaultValue`,`cFormatData`,`cUserId`,`iTabIndex`,`bIsNull`,`bPrintCaption`,`bJointQuery`,`bPrintUpCase`,`bSelfDefine`,`cDataSourceName`,`cOrder`,`bCheck`,`cControlType`,`cEnumType`,`refReturn`,`bShowInRowAuth`,`iRowAuthBillId`,`cStyle`,`cSelfDefineType`,`bVmExclude`,`bRowAuthDim`,`isExport`) values (@id48,@id4,@id9,@id14,@id22,'AA','erpCode','erpCode','ERP编码','ERP编码','16',null,1,null,null,0,1,0,null,null,null,null,null,0,0,null,1,null,'255',null,1,null,1,0,1,null,0,null,null,null,'20',1,null,null,null,null,'aa.goodsposition.GoodsPosition',null,null,'Input',null,null,0,null,'{"explains":"对应的外部系统货位编码"}',null,0,0,1);
set @id49=@id48+1;
insert into billitem_base(`id`,`iBillId`,`iBillEntityId`,`iTplId`,`iBillTplGroupId`,`cSubId`,`cFieldName`,`cName`,`cCaption`,`cShowCaption`,`iOrder`,`iMaxLength`,`iFieldType`,`bEnum`,`cEnumString`,`isDeleted`,`bMustSelect`,`bHidden`,`cRefType`,`cRefId`,`cRefRetID`,`cDataRule`,`iFunctionType`,`bSplit`,`bExtend`,`iNumPoint`,`bCanModify`,`cSourceType`,`iMaxShowLen`,`cMemo`,`iColWidth`,`cSumType`,`iAlign`,`bNeedSum`,`bShowIt`,`bFixed`,`bFilter`,`cDefaultValue`,`cFormatData`,`cUserId`,`iTabIndex`,`bIsNull`,`bPrintCaption`,`bJointQuery`,`bPrintUpCase`,`bSelfDefine`,`cDataSourceName`,`cOrder`,`bCheck`,`cControlType`,`cEnumType`,`refReturn`,`bShowInRowAuth`,`iRowAuthBillId`,`cStyle`,`cSelfDefineType`,`bVmExclude`,`bRowAuthDim`,`isExport`) values (@id49,@id4,@id9,@id14,@id22,'AA','remark','remark','备注','备注','17',null,1,null,null,0,1,0,null,null,null,null,null,0,0,null,1,null,'255',null,1,null,1,0,1,null,0,null,null,null,'21',1,null,null,null,null,'aa.goodsposition.GoodsPosition',null,null,'Input',null,null,0,null,'{"explains":"文本"}',null,0,0,1);
set @id50=@id49+1;
insert into billitem_base(`id`,`iBillId`,`iBillEntityId`,`iTplId`,`iBillTplGroupId`,`cSubId`,`cFieldName`,`cName`,`cCaption`,`cShowCaption`,`iOrder`,`iMaxLength`,`iFieldType`,`bEnum`,`cEnumString`,`isDeleted`,`bMustSelect`,`bHidden`,`cRefType`,`cRefId`,`cRefRetID`,`cDataRule`,`iFunctionType`,`bSplit`,`bExtend`,`iNumPoint`,`bCanModify`,`cSourceType`,`iMaxShowLen`,`cMemo`,`iColWidth`,`cSumType`,`iAlign`,`bNeedSum`,`bShowIt`,`bFixed`,`bFilter`,`cDefaultValue`,`cFormatData`,`cUserId`,`iTabIndex`,`bIsNull`,`bPrintCaption`,`bJointQuery`,`bPrintUpCase`,`bSelfDefine`,`cDataSourceName`,`cOrder`,`bCheck`,`cControlType`,`cEnumType`,`refReturn`,`bShowInRowAuth`,`iRowAuthBillId`,`cStyle`,`cSelfDefineType`,`bVmExclude`,`bRowAuthDim`,`isExport`) values (@id50,@id4,@id9,@id14,@id22,'AA','stopstatus','stopstatus','启用状态','启用状态','18',null,1,1,null,0,1,0,null,null,null,null,null,0,0,null,1,null,'255',null,1,null,1,0,1,null,0,'false',null,null,'22',1,null,null,null,null,'aa.goodsposition.GoodsPosition',null,null,'Radio','aa_stopstatus',null,0,null,'{"explains":"启用=Y，停用=N，留空默认Y"}',null,0,0,1);
set @id51=@id50+1;
insert into billitem_base(`id`,`iBillId`,`iBillEntityId`,`iTplId`,`iBillTplGroupId`,`cSubId`,`cFieldName`,`cName`,`cCaption`,`cShowCaption`,`iOrder`,`iMaxLength`,`iFieldType`,`bEnum`,`cEnumString`,`isDeleted`,`bMustSelect`,`bHidden`,`cRefType`,`cRefId`,`cRefRetID`,`cDataRule`,`iFunctionType`,`bSplit`,`bExtend`,`iNumPoint`,`bCanModify`,`cSourceType`,`iMaxShowLen`,`cMemo`,`iColWidth`,`cSumType`,`iAlign`,`bNeedSum`,`bShowIt`,`bFixed`,`bFilter`,`cDefaultValue`,`cFormatData`,`cUserId`,`iTabIndex`,`bIsNull`,`bPrintCaption`,`bJointQuery`,`bPrintUpCase`,`bSelfDefine`,`cDataSourceName`,`cOrder`,`bCheck`,`cControlType`,`cEnumType`,`refReturn`,`bShowInRowAuth`,`iRowAuthBillId`,`cStyle`,`cSelfDefineType`,`bVmExclude`,`bRowAuthDim`,`isExport`) values (@id51,@id4,@id9,@id14,@id19,'AA','conditionWareId','conditionWareId','仓库','仓库','19',null,1,null,null,0,0,1,null,null,null,null,null,0,0,null,1,null,'255',null,'100',null,null,0,1,null,0,null,null,null,'25',1,null,null,null,null,'aa.goodsposition.GoodsPosition',null,null,'Input',null,null,0,null,null,null,2,0,0);
set @id52=@id51+1;
insert into billitem_base(`id`,`iBillId`,`iBillEntityId`,`iTplId`,`iBillTplGroupId`,`cSubId`,`cFieldName`,`cName`,`cCaption`,`cShowCaption`,`iOrder`,`iMaxLength`,`iFieldType`,`bEnum`,`cEnumString`,`isDeleted`,`bMustSelect`,`bHidden`,`cRefType`,`cRefId`,`cRefRetID`,`cDataRule`,`iFunctionType`,`bSplit`,`bExtend`,`iNumPoint`,`bCanModify`,`cSourceType`,`iMaxShowLen`,`cMemo`,`iColWidth`,`cSumType`,`iAlign`,`bNeedSum`,`bShowIt`,`bFixed`,`bFilter`,`cDefaultValue`,`cFormatData`,`cUserId`,`iTabIndex`,`bIsNull`,`bPrintCaption`,`bJointQuery`,`bPrintUpCase`,`bSelfDefine`,`cDataSourceName`,`cOrder`,`bCheck`,`cControlType`,`cEnumType`,`refReturn`,`bShowInRowAuth`,`iRowAuthBillId`,`cStyle`,`cSelfDefineType`,`bVmExclude`,`bRowAuthDim`,`isExport`) values (@id52,@id4,@id9,@id14,@id19,'AA','conditionWareName','conditionWareName','仓库','仓库','20',null,1,null,null,0,0,0,'aa_warehouse_stocksref',null,'{"conditionWareId":"id","conditionWareName":"name"}',null,null,0,0,null,1,null,'255',null,1,null,null,0,1,null,0,null,null,null,'26',1,null,null,null,null,'aa.goodsposition.GoodsPosition',null,null,'Refer',null,'name',0,null,'{"bottom":"选择仓库以显示货位","tips":"选择仓库以显示货位"}',null,2,0,0);
set @id53=@id52+1;
insert into billitem_base(`id`,`iBillId`,`iBillEntityId`,`iTplId`,`iBillTplGroupId`,`cSubId`,`cFieldName`,`cName`,`cCaption`,`cShowCaption`,`iOrder`,`iMaxLength`,`iFieldType`,`bEnum`,`cEnumString`,`isDeleted`,`bMustSelect`,`bHidden`,`cRefType`,`cRefId`,`cRefRetID`,`cDataRule`,`iFunctionType`,`bSplit`,`bExtend`,`iNumPoint`,`bCanModify`,`cSourceType`,`iMaxShowLen`,`cMemo`,`iColWidth`,`cSumType`,`iAlign`,`bNeedSum`,`bShowIt`,`bFixed`,`bFilter`,`cDefaultValue`,`cFormatData`,`cUserId`,`iTabIndex`,`bIsNull`,`bPrintCaption`,`bJointQuery`,`bPrintUpCase`,`bSelfDefine`,`cDataSourceName`,`cOrder`,`bCheck`,`cControlType`,`cEnumType`,`refReturn`,`bShowInRowAuth`,`iRowAuthBillId`,`cStyle`,`cSelfDefineType`,`bVmExclude`,`bRowAuthDim`,`isExport`) values (@id53,@id4,@id9,@id14,@id27,'AA','oneDName','oneDName','第1级名称','第1级名称','21','255',1,null,null,0,1,0,null,null,null,null,null,0,0,null,1,null,'255',null,1,null,1,0,1,null,0,null,null,null,'27',1,null,null,null,null,'aa.goodsposition.GoodsPosition',null,null,'InputMultiLang',null,null,0,null,'{"placeholder":"必填"}',null,2,0,0);
set @id54=@id53+1;
insert into billitem_base(`id`,`iBillId`,`iBillEntityId`,`iTplId`,`iBillTplGroupId`,`cSubId`,`cFieldName`,`cName`,`cCaption`,`cShowCaption`,`iOrder`,`iMaxLength`,`iFieldType`,`bEnum`,`cEnumString`,`isDeleted`,`bMustSelect`,`bHidden`,`cRefType`,`cRefId`,`cRefRetID`,`cDataRule`,`iFunctionType`,`bSplit`,`bExtend`,`iNumPoint`,`bCanModify`,`cSourceType`,`iMaxShowLen`,`cMemo`,`iColWidth`,`cSumType`,`iAlign`,`bNeedSum`,`bShowIt`,`bFixed`,`bFilter`,`cDefaultValue`,`cFormatData`,`cUserId`,`iTabIndex`,`bIsNull`,`bPrintCaption`,`bJointQuery`,`bPrintUpCase`,`bSelfDefine`,`cDataSourceName`,`cOrder`,`bCheck`,`cControlType`,`cEnumType`,`refReturn`,`bShowInRowAuth`,`iRowAuthBillId`,`cStyle`,`cSelfDefineType`,`bVmExclude`,`bRowAuthDim`,`isExport`) values (@id54,@id4,@id9,@id14,@id27,'AA','oneDMaxNum','oneDMaxNum','第1级最大数目','第1级最大数目','22','255',1,null,null,0,1,0,null,null,null,null,null,0,0,null,1,null,'255',null,1,null,1,0,1,null,0,null,null,null,'28',1,null,null,null,null,'aa.goodsposition.GoodsPosition',null,null,'InputNumber',null,null,0,null,'{"placeholder":"必填"}',null,2,0,0);
set @id55=@id54+1;
insert into billitem_base(`id`,`iBillId`,`iBillEntityId`,`iTplId`,`iBillTplGroupId`,`cSubId`,`cFieldName`,`cName`,`cCaption`,`cShowCaption`,`iOrder`,`iMaxLength`,`iFieldType`,`bEnum`,`cEnumString`,`isDeleted`,`bMustSelect`,`bHidden`,`cRefType`,`cRefId`,`cRefRetID`,`cDataRule`,`iFunctionType`,`bSplit`,`bExtend`,`iNumPoint`,`bCanModify`,`cSourceType`,`iMaxShowLen`,`cMemo`,`iColWidth`,`cSumType`,`iAlign`,`bNeedSum`,`bShowIt`,`bFixed`,`bFilter`,`cDefaultValue`,`cFormatData`,`cUserId`,`iTabIndex`,`bIsNull`,`bPrintCaption`,`bJointQuery`,`bPrintUpCase`,`bSelfDefine`,`cDataSourceName`,`cOrder`,`bCheck`,`cControlType`,`cEnumType`,`refReturn`,`bShowInRowAuth`,`iRowAuthBillId`,`cStyle`,`cSelfDefineType`,`bVmExclude`,`bRowAuthDim`,`isExport`) values (@id55,@id4,@id9,@id14,@id27,'AA','twoDName','twoDName','第2级名称','第2级名称','23','255',1,null,null,0,1,0,null,null,null,null,null,0,0,null,1,null,'255',null,1,null,1,0,1,null,0,null,null,null,'29',1,null,null,null,null,'aa.goodsposition.GoodsPosition',null,null,'InputMultiLang',null,null,0,null,null,null,2,0,0);
set @id56=@id55+1;
insert into billitem_base(`id`,`iBillId`,`iBillEntityId`,`iTplId`,`iBillTplGroupId`,`cSubId`,`cFieldName`,`cName`,`cCaption`,`cShowCaption`,`iOrder`,`iMaxLength`,`iFieldType`,`bEnum`,`cEnumString`,`isDeleted`,`bMustSelect`,`bHidden`,`cRefType`,`cRefId`,`cRefRetID`,`cDataRule`,`iFunctionType`,`bSplit`,`bExtend`,`iNumPoint`,`bCanModify`,`cSourceType`,`iMaxShowLen`,`cMemo`,`iColWidth`,`cSumType`,`iAlign`,`bNeedSum`,`bShowIt`,`bFixed`,`bFilter`,`cDefaultValue`,`cFormatData`,`cUserId`,`iTabIndex`,`bIsNull`,`bPrintCaption`,`bJointQuery`,`bPrintUpCase`,`bSelfDefine`,`cDataSourceName`,`cOrder`,`bCheck`,`cControlType`,`cEnumType`,`refReturn`,`bShowInRowAuth`,`iRowAuthBillId`,`cStyle`,`cSelfDefineType`,`bVmExclude`,`bRowAuthDim`,`isExport`) values (@id56,@id4,@id9,@id14,@id27,'AA','twoDMaxNum','twoDMaxNum','第2级最大数目','第2级最大数目','24','255',1,null,null,0,1,0,null,null,null,null,null,0,0,null,1,null,'255',null,1,null,1,0,1,null,0,null,null,null,'30',1,null,null,null,null,'aa.goodsposition.GoodsPosition',null,null,'InputNumber',null,null,0,null,null,null,2,0,0);
set @id57=@id56+1;
insert into billitem_base(`id`,`iBillId`,`iBillEntityId`,`iTplId`,`iBillTplGroupId`,`cSubId`,`cFieldName`,`cName`,`cCaption`,`cShowCaption`,`iOrder`,`iMaxLength`,`iFieldType`,`bEnum`,`cEnumString`,`isDeleted`,`bMustSelect`,`bHidden`,`cRefType`,`cRefId`,`cRefRetID`,`cDataRule`,`iFunctionType`,`bSplit`,`bExtend`,`iNumPoint`,`bCanModify`,`cSourceType`,`iMaxShowLen`,`cMemo`,`iColWidth`,`cSumType`,`iAlign`,`bNeedSum`,`bShowIt`,`bFixed`,`bFilter`,`cDefaultValue`,`cFormatData`,`cUserId`,`iTabIndex`,`bIsNull`,`bPrintCaption`,`bJointQuery`,`bPrintUpCase`,`bSelfDefine`,`cDataSourceName`,`cOrder`,`bCheck`,`cControlType`,`cEnumType`,`refReturn`,`bShowInRowAuth`,`iRowAuthBillId`,`cStyle`,`cSelfDefineType`,`bVmExclude`,`bRowAuthDim`,`isExport`) values (@id57,@id4,@id9,@id14,@id27,'AA','threeDName','threeDName','第3级名称','第3级名称','25','255',1,null,null,0,1,0,null,null,null,null,null,0,0,null,1,null,'255',null,1,null,1,0,1,null,0,null,null,null,'31',1,null,null,null,null,'aa.goodsposition.GoodsPosition',null,null,'InputMultiLang',null,null,0,null,null,null,2,0,0);
set @id58=@id57+1;
insert into billitem_base(`id`,`iBillId`,`iBillEntityId`,`iTplId`,`iBillTplGroupId`,`cSubId`,`cFieldName`,`cName`,`cCaption`,`cShowCaption`,`iOrder`,`iMaxLength`,`iFieldType`,`bEnum`,`cEnumString`,`isDeleted`,`bMustSelect`,`bHidden`,`cRefType`,`cRefId`,`cRefRetID`,`cDataRule`,`iFunctionType`,`bSplit`,`bExtend`,`iNumPoint`,`bCanModify`,`cSourceType`,`iMaxShowLen`,`cMemo`,`iColWidth`,`cSumType`,`iAlign`,`bNeedSum`,`bShowIt`,`bFixed`,`bFilter`,`cDefaultValue`,`cFormatData`,`cUserId`,`iTabIndex`,`bIsNull`,`bPrintCaption`,`bJointQuery`,`bPrintUpCase`,`bSelfDefine`,`cDataSourceName`,`cOrder`,`bCheck`,`cControlType`,`cEnumType`,`refReturn`,`bShowInRowAuth`,`iRowAuthBillId`,`cStyle`,`cSelfDefineType`,`bVmExclude`,`bRowAuthDim`,`isExport`) values (@id58,@id4,@id9,@id14,@id27,'AA','threeDMaxNum','threeDMaxNum','第3级最大数目','第3级最大数目','26','255',1,null,null,0,1,0,null,null,null,null,null,0,0,null,1,null,'255',null,1,null,1,0,1,null,0,null,null,null,'32',1,null,null,null,null,'aa.goodsposition.GoodsPosition',null,null,'InputNumber',null,null,0,null,null,null,2,0,0);
set @id59=@id58+1;
insert into billitem_base(`id`,`iBillId`,`iBillEntityId`,`iTplId`,`iBillTplGroupId`,`cSubId`,`cFieldName`,`cName`,`cCaption`,`cShowCaption`,`iOrder`,`iMaxLength`,`iFieldType`,`bEnum`,`cEnumString`,`isDeleted`,`bMustSelect`,`bHidden`,`cRefType`,`cRefId`,`cRefRetID`,`cDataRule`,`iFunctionType`,`bSplit`,`bExtend`,`iNumPoint`,`bCanModify`,`cSourceType`,`iMaxShowLen`,`cMemo`,`iColWidth`,`cSumType`,`iAlign`,`bNeedSum`,`bShowIt`,`bFixed`,`bFilter`,`cDefaultValue`,`cFormatData`,`cUserId`,`iTabIndex`,`bIsNull`,`bPrintCaption`,`bJointQuery`,`bPrintUpCase`,`bSelfDefine`,`cDataSourceName`,`cOrder`,`bCheck`,`cControlType`,`cEnumType`,`refReturn`,`bShowInRowAuth`,`iRowAuthBillId`,`cStyle`,`cSelfDefineType`,`bVmExclude`,`bRowAuthDim`,`isExport`) values (@id59,@id4,@id9,@id14,@id27,'AA','fourDName','fourDName','第4级名称','第4级名称','27','255',1,null,null,0,1,0,null,null,null,null,null,0,0,null,1,null,'255',null,1,null,1,0,1,null,0,null,null,null,'33',1,null,null,null,null,'aa.goodsposition.GoodsPosition',null,null,'InputMultiLang',null,null,0,null,null,null,2,0,0);
set @id60=@id59+1;
insert into billitem_base(`id`,`iBillId`,`iBillEntityId`,`iTplId`,`iBillTplGroupId`,`cSubId`,`cFieldName`,`cName`,`cCaption`,`cShowCaption`,`iOrder`,`iMaxLength`,`iFieldType`,`bEnum`,`cEnumString`,`isDeleted`,`bMustSelect`,`bHidden`,`cRefType`,`cRefId`,`cRefRetID`,`cDataRule`,`iFunctionType`,`bSplit`,`bExtend`,`iNumPoint`,`bCanModify`,`cSourceType`,`iMaxShowLen`,`cMemo`,`iColWidth`,`cSumType`,`iAlign`,`bNeedSum`,`bShowIt`,`bFixed`,`bFilter`,`cDefaultValue`,`cFormatData`,`cUserId`,`iTabIndex`,`bIsNull`,`bPrintCaption`,`bJointQuery`,`bPrintUpCase`,`bSelfDefine`,`cDataSourceName`,`cOrder`,`bCheck`,`cControlType`,`cEnumType`,`refReturn`,`bShowInRowAuth`,`iRowAuthBillId`,`cStyle`,`cSelfDefineType`,`bVmExclude`,`bRowAuthDim`,`isExport`) values (@id60,@id4,@id9,@id14,@id27,'AA','fourDMaxNum','fourDMaxNum','第4级最大数目','第4级最大数目','28','255',1,null,null,0,1,0,null,null,null,null,null,0,0,null,1,null,'255',null,1,null,1,0,1,null,0,null,null,null,'34',1,null,null,null,null,'aa.goodsposition.GoodsPosition',null,null,'InputNumber',null,null,0,null,null,null,2,0,0);
set @id61=@id60+1;
insert into billitem_base(`id`,`iBillId`,`iBillEntityId`,`iTplId`,`iBillTplGroupId`,`cSubId`,`cFieldName`,`cName`,`cCaption`,`cShowCaption`,`iOrder`,`iMaxLength`,`iFieldType`,`bEnum`,`cEnumString`,`isDeleted`,`bMustSelect`,`bHidden`,`cRefType`,`cRefId`,`cRefRetID`,`cDataRule`,`iFunctionType`,`bSplit`,`bExtend`,`iNumPoint`,`bCanModify`,`cSourceType`,`iMaxShowLen`,`cMemo`,`iColWidth`,`cSumType`,`iAlign`,`bNeedSum`,`bShowIt`,`bFixed`,`bFilter`,`cDefaultValue`,`cFormatData`,`cUserId`,`iTabIndex`,`bIsNull`,`bPrintCaption`,`bJointQuery`,`bPrintUpCase`,`bSelfDefine`,`cDataSourceName`,`cOrder`,`bCheck`,`cControlType`,`cEnumType`,`refReturn`,`bShowInRowAuth`,`iRowAuthBillId`,`cStyle`,`cSelfDefineType`,`bVmExclude`,`bRowAuthDim`,`isExport`) values (@id61,@id4,@id9,@id14,@id22,'AA','headDefine.id','headDefine!id','货位自定义项id','货位自定义项id','29',null,1,null,null,0,1,1,null,null,null,null,null,0,0,null,1,null,'255',null,1,null,1,0,0,null,1,null,null,null,null,1,null,null,null,null,'aa.goodsposition.GoodsPosition',null,null,'Input',null,null,0,null,null,null,0,0,1);
set @id62=@id61+1;
insert into billitem_base(`id`,`iBillId`,`iBillEntityId`,`iTplId`,`iBillTplGroupId`,`cSubId`,`cFieldName`,`cName`,`cCaption`,`cShowCaption`,`iOrder`,`iMaxLength`,`iFieldType`,`bEnum`,`cEnumString`,`isDeleted`,`bMustSelect`,`bHidden`,`cRefType`,`cRefId`,`cRefRetID`,`cDataRule`,`iFunctionType`,`bSplit`,`bExtend`,`iNumPoint`,`bCanModify`,`cSourceType`,`iMaxShowLen`,`cMemo`,`iColWidth`,`cSumType`,`iAlign`,`bNeedSum`,`bShowIt`,`bFixed`,`bFilter`,`cDefaultValue`,`cFormatData`,`cUserId`,`iTabIndex`,`bIsNull`,`bPrintCaption`,`bJointQuery`,`bPrintUpCase`,`bSelfDefine`,`cDataSourceName`,`cOrder`,`bCheck`,`cControlType`,`cEnumType`,`refReturn`,`bShowInRowAuth`,`iRowAuthBillId`,`cStyle`,`cSelfDefineType`,`bVmExclude`,`bRowAuthDim`,`isExport`) values (@id62,@id4,@id9,@id14,@id22,'AA','headDefine.define1','headDefine!define1','货位自定义项1','货位自定义项1','30',null,1,null,null,0,0,1,null,null,null,null,null,0,0,null,1,null,'255',null,1,null,1,0,0,null,1,null,null,null,null,1,null,null,null,1,'aa.goodsposition.GoodsPosition',null,null,'Input',null,null,0,null,null,'goodsPositionDefine1',0,0,1);
set @id63=@id62+1;
insert into billitem_base(`id`,`iBillId`,`iBillEntityId`,`iTplId`,`iBillTplGroupId`,`cSubId`,`cFieldName`,`cName`,`cCaption`,`cShowCaption`,`iOrder`,`iMaxLength`,`iFieldType`,`bEnum`,`cEnumString`,`isDeleted`,`bMustSelect`,`bHidden`,`cRefType`,`cRefId`,`cRefRetID`,`cDataRule`,`iFunctionType`,`bSplit`,`bExtend`,`iNumPoint`,`bCanModify`,`cSourceType`,`iMaxShowLen`,`cMemo`,`iColWidth`,`cSumType`,`iAlign`,`bNeedSum`,`bShowIt`,`bFixed`,`bFilter`,`cDefaultValue`,`cFormatData`,`cUserId`,`iTabIndex`,`bIsNull`,`bPrintCaption`,`bJointQuery`,`bPrintUpCase`,`bSelfDefine`,`cDataSourceName`,`cOrder`,`bCheck`,`cControlType`,`cEnumType`,`refReturn`,`bShowInRowAuth`,`iRowAuthBillId`,`cStyle`,`cSelfDefineType`,`bVmExclude`,`bRowAuthDim`,`isExport`) values (@id63,@id4,@id9,@id14,@id22,'AA','headDefine.define2','headDefine!define2','货位自定义项2','货位自定义项2','31',null,1,null,null,0,0,1,null,null,null,null,null,0,0,null,1,null,'255',null,1,null,1,0,0,null,1,null,null,null,null,1,null,null,null,1,'aa.goodsposition.GoodsPosition',null,null,'Input',null,null,0,null,null,'goodsPositionDefine2',0,0,1);
set @id64=@id63+1;
insert into billitem_base(`id`,`iBillId`,`iBillEntityId`,`iTplId`,`iBillTplGroupId`,`cSubId`,`cFieldName`,`cName`,`cCaption`,`cShowCaption`,`iOrder`,`iMaxLength`,`iFieldType`,`bEnum`,`cEnumString`,`isDeleted`,`bMustSelect`,`bHidden`,`cRefType`,`cRefId`,`cRefRetID`,`cDataRule`,`iFunctionType`,`bSplit`,`bExtend`,`iNumPoint`,`bCanModify`,`cSourceType`,`iMaxShowLen`,`cMemo`,`iColWidth`,`cSumType`,`iAlign`,`bNeedSum`,`bShowIt`,`bFixed`,`bFilter`,`cDefaultValue`,`cFormatData`,`cUserId`,`iTabIndex`,`bIsNull`,`bPrintCaption`,`bJointQuery`,`bPrintUpCase`,`bSelfDefine`,`cDataSourceName`,`cOrder`,`bCheck`,`cControlType`,`cEnumType`,`refReturn`,`bShowInRowAuth`,`iRowAuthBillId`,`cStyle`,`cSelfDefineType`,`bVmExclude`,`bRowAuthDim`,`isExport`) values (@id64,@id4,@id9,@id14,@id22,'AA','headDefine.define3','headDefine!define3','货位自定义项3','货位自定义项3','32',null,1,null,null,0,0,1,null,null,null,null,null,0,0,null,1,null,'255',null,1,null,1,0,0,null,1,null,null,null,null,1,null,null,null,1,'aa.goodsposition.GoodsPosition',null,null,'Input',null,null,0,null,null,'goodsPositionDefine3',0,0,1);
set @id65=@id64+1;
insert into billitem_base(`id`,`iBillId`,`iBillEntityId`,`iTplId`,`iBillTplGroupId`,`cSubId`,`cFieldName`,`cName`,`cCaption`,`cShowCaption`,`iOrder`,`iMaxLength`,`iFieldType`,`bEnum`,`cEnumString`,`isDeleted`,`bMustSelect`,`bHidden`,`cRefType`,`cRefId`,`cRefRetID`,`cDataRule`,`iFunctionType`,`bSplit`,`bExtend`,`iNumPoint`,`bCanModify`,`cSourceType`,`iMaxShowLen`,`cMemo`,`iColWidth`,`cSumType`,`iAlign`,`bNeedSum`,`bShowIt`,`bFixed`,`bFilter`,`cDefaultValue`,`cFormatData`,`cUserId`,`iTabIndex`,`bIsNull`,`bPrintCaption`,`bJointQuery`,`bPrintUpCase`,`bSelfDefine`,`cDataSourceName`,`cOrder`,`bCheck`,`cControlType`,`cEnumType`,`refReturn`,`bShowInRowAuth`,`iRowAuthBillId`,`cStyle`,`cSelfDefineType`,`bVmExclude`,`bRowAuthDim`,`isExport`) values (@id65,@id4,@id9,@id14,@id22,'AA','headDefine.define4','headDefine!define4','货位自定义项4','货位自定义项4','33',null,1,null,null,0,0,1,null,null,null,null,null,0,0,null,1,null,'255',null,1,null,1,0,0,null,1,null,null,null,null,1,null,null,null,1,'aa.goodsposition.GoodsPosition',null,null,'Input',null,null,0,null,null,'goodsPositionDefine4',0,0,1);
set @id66=@id65+1;
insert into billitem_base(`id`,`iBillId`,`iBillEntityId`,`iTplId`,`iBillTplGroupId`,`cSubId`,`cFieldName`,`cName`,`cCaption`,`cShowCaption`,`iOrder`,`iMaxLength`,`iFieldType`,`bEnum`,`cEnumString`,`isDeleted`,`bMustSelect`,`bHidden`,`cRefType`,`cRefId`,`cRefRetID`,`cDataRule`,`iFunctionType`,`bSplit`,`bExtend`,`iNumPoint`,`bCanModify`,`cSourceType`,`iMaxShowLen`,`cMemo`,`iColWidth`,`cSumType`,`iAlign`,`bNeedSum`,`bShowIt`,`bFixed`,`bFilter`,`cDefaultValue`,`cFormatData`,`cUserId`,`iTabIndex`,`bIsNull`,`bPrintCaption`,`bJointQuery`,`bPrintUpCase`,`bSelfDefine`,`cDataSourceName`,`cOrder`,`bCheck`,`cControlType`,`cEnumType`,`refReturn`,`bShowInRowAuth`,`iRowAuthBillId`,`cStyle`,`cSelfDefineType`,`bVmExclude`,`bRowAuthDim`,`isExport`) values (@id66,@id4,@id9,@id14,@id22,'AA','headDefine.define5','headDefine!define5','货位自定义项5','货位自定义项5','34',null,1,null,null,0,0,1,null,null,null,null,null,0,0,null,1,null,'255',null,1,null,1,0,0,null,1,null,null,null,null,1,null,null,null,1,'aa.goodsposition.GoodsPosition',null,null,'Input',null,null,0,null,null,'goodsPositionDefine5',0,0,1);
set @id67=@id66+1;
insert into billitem_base(`id`,`iBillId`,`iBillEntityId`,`iTplId`,`iBillTplGroupId`,`cSubId`,`cFieldName`,`cName`,`cCaption`,`cShowCaption`,`iOrder`,`iMaxLength`,`iFieldType`,`bEnum`,`cEnumString`,`isDeleted`,`bMustSelect`,`bHidden`,`cRefType`,`cRefId`,`cRefRetID`,`cDataRule`,`iFunctionType`,`bSplit`,`bExtend`,`iNumPoint`,`bCanModify`,`cSourceType`,`iMaxShowLen`,`cMemo`,`iColWidth`,`cSumType`,`iAlign`,`bNeedSum`,`bShowIt`,`bFixed`,`bFilter`,`cDefaultValue`,`cFormatData`,`cUserId`,`iTabIndex`,`bIsNull`,`bPrintCaption`,`bJointQuery`,`bPrintUpCase`,`bSelfDefine`,`cDataSourceName`,`cOrder`,`bCheck`,`cControlType`,`cEnumType`,`refReturn`,`bShowInRowAuth`,`iRowAuthBillId`,`cStyle`,`cSelfDefineType`,`bVmExclude`,`bRowAuthDim`,`isExport`) values (@id67,@id4,@id9,@id14,@id22,'AA','headDefine.define6','headDefine!define6','货位自定义项6','货位自定义项6','35',null,1,null,null,0,0,1,null,null,null,null,null,0,0,null,1,null,'255',null,1,null,1,0,0,null,1,null,null,null,null,1,null,null,null,1,'aa.goodsposition.GoodsPosition',null,null,'Input',null,null,0,null,null,'goodsPositionDefine6',0,0,1);
set @id68=@id67+1;
insert into billitem_base(`id`,`iBillId`,`iBillEntityId`,`iTplId`,`iBillTplGroupId`,`cSubId`,`cFieldName`,`cName`,`cCaption`,`cShowCaption`,`iOrder`,`iMaxLength`,`iFieldType`,`bEnum`,`cEnumString`,`isDeleted`,`bMustSelect`,`bHidden`,`cRefType`,`cRefId`,`cRefRetID`,`cDataRule`,`iFunctionType`,`bSplit`,`bExtend`,`iNumPoint`,`bCanModify`,`cSourceType`,`iMaxShowLen`,`cMemo`,`iColWidth`,`cSumType`,`iAlign`,`bNeedSum`,`bShowIt`,`bFixed`,`bFilter`,`cDefaultValue`,`cFormatData`,`cUserId`,`iTabIndex`,`bIsNull`,`bPrintCaption`,`bJointQuery`,`bPrintUpCase`,`bSelfDefine`,`cDataSourceName`,`cOrder`,`bCheck`,`cControlType`,`cEnumType`,`refReturn`,`bShowInRowAuth`,`iRowAuthBillId`,`cStyle`,`cSelfDefineType`,`bVmExclude`,`bRowAuthDim`,`isExport`) values (@id68,@id4,@id9,@id14,@id22,'AA','headDefine.define7','headDefine!define7','货位自定义项7','货位自定义项7','36',null,1,null,null,0,0,1,null,null,null,null,null,0,0,null,1,null,'255',null,1,null,1,0,0,null,1,null,null,null,null,1,null,null,null,1,'aa.goodsposition.GoodsPosition',null,null,'Input',null,null,0,null,null,'goodsPositionDefine7',0,0,1);
set @id69=@id68+1;
insert into billitem_base(`id`,`iBillId`,`iBillEntityId`,`iTplId`,`iBillTplGroupId`,`cSubId`,`cFieldName`,`cName`,`cCaption`,`cShowCaption`,`iOrder`,`iMaxLength`,`iFieldType`,`bEnum`,`cEnumString`,`isDeleted`,`bMustSelect`,`bHidden`,`cRefType`,`cRefId`,`cRefRetID`,`cDataRule`,`iFunctionType`,`bSplit`,`bExtend`,`iNumPoint`,`bCanModify`,`cSourceType`,`iMaxShowLen`,`cMemo`,`iColWidth`,`cSumType`,`iAlign`,`bNeedSum`,`bShowIt`,`bFixed`,`bFilter`,`cDefaultValue`,`cFormatData`,`cUserId`,`iTabIndex`,`bIsNull`,`bPrintCaption`,`bJointQuery`,`bPrintUpCase`,`bSelfDefine`,`cDataSourceName`,`cOrder`,`bCheck`,`cControlType`,`cEnumType`,`refReturn`,`bShowInRowAuth`,`iRowAuthBillId`,`cStyle`,`cSelfDefineType`,`bVmExclude`,`bRowAuthDim`,`isExport`) values (@id69,@id4,@id9,@id14,@id22,'AA','headDefine.define8','headDefine!define8','货位自定义项8','货位自定义项8','37',null,1,null,null,0,0,1,null,null,null,null,null,0,0,null,1,null,'255',null,1,null,1,0,0,null,1,null,null,null,null,1,null,null,null,1,'aa.goodsposition.GoodsPosition',null,null,'Input',null,null,0,null,null,'goodsPositionDefine8',0,0,1);
set @id70=@id69+1;
insert into billitem_base(`id`,`iBillId`,`iBillEntityId`,`iTplId`,`iBillTplGroupId`,`cSubId`,`cFieldName`,`cName`,`cCaption`,`cShowCaption`,`iOrder`,`iMaxLength`,`iFieldType`,`bEnum`,`cEnumString`,`isDeleted`,`bMustSelect`,`bHidden`,`cRefType`,`cRefId`,`cRefRetID`,`cDataRule`,`iFunctionType`,`bSplit`,`bExtend`,`iNumPoint`,`bCanModify`,`cSourceType`,`iMaxShowLen`,`cMemo`,`iColWidth`,`cSumType`,`iAlign`,`bNeedSum`,`bShowIt`,`bFixed`,`bFilter`,`cDefaultValue`,`cFormatData`,`cUserId`,`iTabIndex`,`bIsNull`,`bPrintCaption`,`bJointQuery`,`bPrintUpCase`,`bSelfDefine`,`cDataSourceName`,`cOrder`,`bCheck`,`cControlType`,`cEnumType`,`refReturn`,`bShowInRowAuth`,`iRowAuthBillId`,`cStyle`,`cSelfDefineType`,`bVmExclude`,`bRowAuthDim`,`isExport`) values (@id70,@id4,@id9,@id14,@id22,'AA','headDefine.define9','headDefine!define9','货位自定义项9','货位自定义项9','38',null,1,null,null,0,0,1,null,null,null,null,null,0,0,null,1,null,'255',null,1,null,1,0,0,null,1,null,null,null,null,1,null,null,null,1,'aa.goodsposition.GoodsPosition',null,null,'Input',null,null,0,null,null,'goodsPositionDefine9',0,0,1);
set @id71=@id70+1;
insert into billitem_base(`id`,`iBillId`,`iBillEntityId`,`iTplId`,`iBillTplGroupId`,`cSubId`,`cFieldName`,`cName`,`cCaption`,`cShowCaption`,`iOrder`,`iMaxLength`,`iFieldType`,`bEnum`,`cEnumString`,`isDeleted`,`bMustSelect`,`bHidden`,`cRefType`,`cRefId`,`cRefRetID`,`cDataRule`,`iFunctionType`,`bSplit`,`bExtend`,`iNumPoint`,`bCanModify`,`cSourceType`,`iMaxShowLen`,`cMemo`,`iColWidth`,`cSumType`,`iAlign`,`bNeedSum`,`bShowIt`,`bFixed`,`bFilter`,`cDefaultValue`,`cFormatData`,`cUserId`,`iTabIndex`,`bIsNull`,`bPrintCaption`,`bJointQuery`,`bPrintUpCase`,`bSelfDefine`,`cDataSourceName`,`cOrder`,`bCheck`,`cControlType`,`cEnumType`,`refReturn`,`bShowInRowAuth`,`iRowAuthBillId`,`cStyle`,`cSelfDefineType`,`bVmExclude`,`bRowAuthDim`,`isExport`) values (@id71,@id4,@id9,@id14,@id22,'AA','headDefine.define10','headDefine!define10','货位自定义项10','货位自定义项10','39',null,1,null,null,0,0,1,null,null,null,null,null,0,0,null,1,null,'255',null,1,null,1,0,0,null,1,null,null,null,null,1,null,null,null,1,'aa.goodsposition.GoodsPosition',null,null,'Input',null,null,0,null,null,'goodsPositionDefine10',0,0,1);
set @id72=@id71+1;
insert into billitem_base(`id`,`iBillId`,`iBillEntityId`,`iTplId`,`iBillTplGroupId`,`cSubId`,`cFieldName`,`cName`,`cCaption`,`cShowCaption`,`iOrder`,`iMaxLength`,`iFieldType`,`bEnum`,`cEnumString`,`isDeleted`,`bMustSelect`,`bHidden`,`cRefType`,`cRefId`,`cRefRetID`,`cDataRule`,`iFunctionType`,`bSplit`,`bExtend`,`iNumPoint`,`bCanModify`,`cSourceType`,`iMaxShowLen`,`cMemo`,`iColWidth`,`cSumType`,`iAlign`,`bNeedSum`,`bShowIt`,`bFixed`,`bFilter`,`cDefaultValue`,`cFormatData`,`cUserId`,`iTabIndex`,`bIsNull`,`bPrintCaption`,`bJointQuery`,`bPrintUpCase`,`bSelfDefine`,`cDataSourceName`,`cOrder`,`bCheck`,`cControlType`,`cEnumType`,`refReturn`,`bShowInRowAuth`,`iRowAuthBillId`,`cStyle`,`cSelfDefineType`,`bVmExclude`,`bRowAuthDim`,`isExport`) values (@id72,@id4,@id9,@id14,@id22,'AA','headDefine.define11','headDefine!define11','货位自定义项11','货位自定义项11','40',null,1,null,null,0,0,1,null,null,null,null,null,0,0,null,1,null,'255',null,1,null,1,0,0,null,1,null,null,null,null,1,null,null,null,1,'aa.goodsposition.GoodsPosition',null,null,'Input',null,null,0,null,null,'goodsPositionDefine11',0,0,1);
set @id73=@id72+1;
insert into billitem_base(`id`,`iBillId`,`iBillEntityId`,`iTplId`,`iBillTplGroupId`,`cSubId`,`cFieldName`,`cName`,`cCaption`,`cShowCaption`,`iOrder`,`iMaxLength`,`iFieldType`,`bEnum`,`cEnumString`,`isDeleted`,`bMustSelect`,`bHidden`,`cRefType`,`cRefId`,`cRefRetID`,`cDataRule`,`iFunctionType`,`bSplit`,`bExtend`,`iNumPoint`,`bCanModify`,`cSourceType`,`iMaxShowLen`,`cMemo`,`iColWidth`,`cSumType`,`iAlign`,`bNeedSum`,`bShowIt`,`bFixed`,`bFilter`,`cDefaultValue`,`cFormatData`,`cUserId`,`iTabIndex`,`bIsNull`,`bPrintCaption`,`bJointQuery`,`bPrintUpCase`,`bSelfDefine`,`cDataSourceName`,`cOrder`,`bCheck`,`cControlType`,`cEnumType`,`refReturn`,`bShowInRowAuth`,`iRowAuthBillId`,`cStyle`,`cSelfDefineType`,`bVmExclude`,`bRowAuthDim`,`isExport`) values (@id73,@id4,@id9,@id14,@id22,'AA','headDefine.define12','headDefine!define12','货位自定义项12','货位自定义项12','41',null,1,null,null,0,0,1,null,null,null,null,null,0,0,null,1,null,'255',null,1,null,1,0,0,null,1,null,null,null,null,1,null,null,null,1,'aa.goodsposition.GoodsPosition',null,null,'Input',null,null,0,null,null,'goodsPositionDefine12',0,0,1);
set @id74=@id73+1;
insert into billitem_base(`id`,`iBillId`,`iBillEntityId`,`iTplId`,`iBillTplGroupId`,`cSubId`,`cFieldName`,`cName`,`cCaption`,`cShowCaption`,`iOrder`,`iMaxLength`,`iFieldType`,`bEnum`,`cEnumString`,`isDeleted`,`bMustSelect`,`bHidden`,`cRefType`,`cRefId`,`cRefRetID`,`cDataRule`,`iFunctionType`,`bSplit`,`bExtend`,`iNumPoint`,`bCanModify`,`cSourceType`,`iMaxShowLen`,`cMemo`,`iColWidth`,`cSumType`,`iAlign`,`bNeedSum`,`bShowIt`,`bFixed`,`bFilter`,`cDefaultValue`,`cFormatData`,`cUserId`,`iTabIndex`,`bIsNull`,`bPrintCaption`,`bJointQuery`,`bPrintUpCase`,`bSelfDefine`,`cDataSourceName`,`cOrder`,`bCheck`,`cControlType`,`cEnumType`,`refReturn`,`bShowInRowAuth`,`iRowAuthBillId`,`cStyle`,`cSelfDefineType`,`bVmExclude`,`bRowAuthDim`,`isExport`) values (@id74,@id4,@id9,@id14,@id22,'AA','headDefine.define13','headDefine!define13','货位自定义项13','货位自定义项13','42',null,1,null,null,0,0,1,null,null,null,null,null,0,0,null,1,null,'255',null,1,null,1,0,0,null,1,null,null,null,null,1,null,null,null,1,'aa.goodsposition.GoodsPosition',null,null,'Input',null,null,0,null,null,'goodsPositionDefine13',0,0,1);
set @id75=@id74+1;
insert into billitem_base(`id`,`iBillId`,`iBillEntityId`,`iTplId`,`iBillTplGroupId`,`cSubId`,`cFieldName`,`cName`,`cCaption`,`cShowCaption`,`iOrder`,`iMaxLength`,`iFieldType`,`bEnum`,`cEnumString`,`isDeleted`,`bMustSelect`,`bHidden`,`cRefType`,`cRefId`,`cRefRetID`,`cDataRule`,`iFunctionType`,`bSplit`,`bExtend`,`iNumPoint`,`bCanModify`,`cSourceType`,`iMaxShowLen`,`cMemo`,`iColWidth`,`cSumType`,`iAlign`,`bNeedSum`,`bShowIt`,`bFixed`,`bFilter`,`cDefaultValue`,`cFormatData`,`cUserId`,`iTabIndex`,`bIsNull`,`bPrintCaption`,`bJointQuery`,`bPrintUpCase`,`bSelfDefine`,`cDataSourceName`,`cOrder`,`bCheck`,`cControlType`,`cEnumType`,`refReturn`,`bShowInRowAuth`,`iRowAuthBillId`,`cStyle`,`cSelfDefineType`,`bVmExclude`,`bRowAuthDim`,`isExport`) values (@id75,@id4,@id9,@id14,@id22,'AA','headDefine.define14','headDefine!define14','货位自定义项14','货位自定义项14','43',null,1,null,null,0,0,1,null,null,null,null,null,0,0,null,1,null,'255',null,1,null,1,0,0,null,1,null,null,null,null,1,null,null,null,1,'aa.goodsposition.GoodsPosition',null,null,'Input',null,null,0,null,null,'goodsPositionDefine14',0,0,1);
set @id76=@id75+1;
insert into billitem_base(`id`,`iBillId`,`iBillEntityId`,`iTplId`,`iBillTplGroupId`,`cSubId`,`cFieldName`,`cName`,`cCaption`,`cShowCaption`,`iOrder`,`iMaxLength`,`iFieldType`,`bEnum`,`cEnumString`,`isDeleted`,`bMustSelect`,`bHidden`,`cRefType`,`cRefId`,`cRefRetID`,`cDataRule`,`iFunctionType`,`bSplit`,`bExtend`,`iNumPoint`,`bCanModify`,`cSourceType`,`iMaxShowLen`,`cMemo`,`iColWidth`,`cSumType`,`iAlign`,`bNeedSum`,`bShowIt`,`bFixed`,`bFilter`,`cDefaultValue`,`cFormatData`,`cUserId`,`iTabIndex`,`bIsNull`,`bPrintCaption`,`bJointQuery`,`bPrintUpCase`,`bSelfDefine`,`cDataSourceName`,`cOrder`,`bCheck`,`cControlType`,`cEnumType`,`refReturn`,`bShowInRowAuth`,`iRowAuthBillId`,`cStyle`,`cSelfDefineType`,`bVmExclude`,`bRowAuthDim`,`isExport`) values (@id76,@id4,@id9,@id14,@id22,'AA','headDefine.define15','headDefine!define15','货位自定义项15','货位自定义项15','44',null,1,null,null,0,0,1,null,null,null,null,null,0,0,null,1,null,'255',null,1,null,1,0,0,null,1,null,null,null,null,1,null,null,null,1,'aa.goodsposition.GoodsPosition',null,null,'Input',null,null,0,null,null,'goodsPositionDefine15',0,0,1);
set @id77=@id76+1;
insert into billitem_base(`id`,`iBillId`,`iBillEntityId`,`iTplId`,`iBillTplGroupId`,`cSubId`,`cFieldName`,`cName`,`cCaption`,`cShowCaption`,`iOrder`,`iMaxLength`,`iFieldType`,`bEnum`,`cEnumString`,`isDeleted`,`bMustSelect`,`bHidden`,`cRefType`,`cRefId`,`cRefRetID`,`cDataRule`,`iFunctionType`,`bSplit`,`bExtend`,`iNumPoint`,`bCanModify`,`cSourceType`,`iMaxShowLen`,`cMemo`,`iColWidth`,`cSumType`,`iAlign`,`bNeedSum`,`bShowIt`,`bFixed`,`bFilter`,`cDefaultValue`,`cFormatData`,`cUserId`,`iTabIndex`,`bIsNull`,`bPrintCaption`,`bJointQuery`,`bPrintUpCase`,`bSelfDefine`,`cDataSourceName`,`cOrder`,`bCheck`,`cControlType`,`cEnumType`,`refReturn`,`bShowInRowAuth`,`iRowAuthBillId`,`cStyle`,`cSelfDefineType`,`bVmExclude`,`bRowAuthDim`,`isExport`) values (@id77,@id4,@id9,@id14,@id22,'AA','headDefine.define16','headDefine!define16','货位自定义项16','货位自定义项16','45',null,1,null,null,0,0,1,null,null,null,null,null,0,0,null,1,null,'255',null,1,null,1,0,0,null,1,null,null,null,null,1,null,null,null,1,'aa.goodsposition.GoodsPosition',null,null,'Input',null,null,0,null,null,'goodsPositionDefine16',0,0,1);
set @id78=@id77+1;
insert into billitem_base(`id`,`iBillId`,`iBillEntityId`,`iTplId`,`iBillTplGroupId`,`cSubId`,`cFieldName`,`cName`,`cCaption`,`cShowCaption`,`iOrder`,`iMaxLength`,`iFieldType`,`bEnum`,`cEnumString`,`isDeleted`,`bMustSelect`,`bHidden`,`cRefType`,`cRefId`,`cRefRetID`,`cDataRule`,`iFunctionType`,`bSplit`,`bExtend`,`iNumPoint`,`bCanModify`,`cSourceType`,`iMaxShowLen`,`cMemo`,`iColWidth`,`cSumType`,`iAlign`,`bNeedSum`,`bShowIt`,`bFixed`,`bFilter`,`cDefaultValue`,`cFormatData`,`cUserId`,`iTabIndex`,`bIsNull`,`bPrintCaption`,`bJointQuery`,`bPrintUpCase`,`bSelfDefine`,`cDataSourceName`,`cOrder`,`bCheck`,`cControlType`,`cEnumType`,`refReturn`,`bShowInRowAuth`,`iRowAuthBillId`,`cStyle`,`cSelfDefineType`,`bVmExclude`,`bRowAuthDim`,`isExport`) values (@id78,@id4,@id9,@id14,@id22,'AA','headDefine.define17','headDefine!define17','货位自定义项17','货位自定义项17','46',null,1,null,null,0,0,1,null,null,null,null,null,0,0,null,1,null,'255',null,1,null,1,0,0,null,1,null,null,null,null,1,null,null,null,1,'aa.goodsposition.GoodsPosition',null,null,'Input',null,null,0,null,null,'goodsPositionDefine17',0,0,1);
set @id79=@id78+1;
insert into billitem_base(`id`,`iBillId`,`iBillEntityId`,`iTplId`,`iBillTplGroupId`,`cSubId`,`cFieldName`,`cName`,`cCaption`,`cShowCaption`,`iOrder`,`iMaxLength`,`iFieldType`,`bEnum`,`cEnumString`,`isDeleted`,`bMustSelect`,`bHidden`,`cRefType`,`cRefId`,`cRefRetID`,`cDataRule`,`iFunctionType`,`bSplit`,`bExtend`,`iNumPoint`,`bCanModify`,`cSourceType`,`iMaxShowLen`,`cMemo`,`iColWidth`,`cSumType`,`iAlign`,`bNeedSum`,`bShowIt`,`bFixed`,`bFilter`,`cDefaultValue`,`cFormatData`,`cUserId`,`iTabIndex`,`bIsNull`,`bPrintCaption`,`bJointQuery`,`bPrintUpCase`,`bSelfDefine`,`cDataSourceName`,`cOrder`,`bCheck`,`cControlType`,`cEnumType`,`refReturn`,`bShowInRowAuth`,`iRowAuthBillId`,`cStyle`,`cSelfDefineType`,`bVmExclude`,`bRowAuthDim`,`isExport`) values (@id79,@id4,@id9,@id14,@id22,'AA','headDefine.define18','headDefine!define18','货位自定义项18','货位自定义项18','47',null,1,null,null,0,0,1,null,null,null,null,null,0,0,null,1,null,'255',null,1,null,1,0,0,null,1,null,null,null,null,1,null,null,null,1,'aa.goodsposition.GoodsPosition',null,null,'Input',null,null,0,null,null,'goodsPositionDefine18',0,0,1);
set @id80=@id79+1;
insert into billitem_base(`id`,`iBillId`,`iBillEntityId`,`iTplId`,`iBillTplGroupId`,`cSubId`,`cFieldName`,`cName`,`cCaption`,`cShowCaption`,`iOrder`,`iMaxLength`,`iFieldType`,`bEnum`,`cEnumString`,`isDeleted`,`bMustSelect`,`bHidden`,`cRefType`,`cRefId`,`cRefRetID`,`cDataRule`,`iFunctionType`,`bSplit`,`bExtend`,`iNumPoint`,`bCanModify`,`cSourceType`,`iMaxShowLen`,`cMemo`,`iColWidth`,`cSumType`,`iAlign`,`bNeedSum`,`bShowIt`,`bFixed`,`bFilter`,`cDefaultValue`,`cFormatData`,`cUserId`,`iTabIndex`,`bIsNull`,`bPrintCaption`,`bJointQuery`,`bPrintUpCase`,`bSelfDefine`,`cDataSourceName`,`cOrder`,`bCheck`,`cControlType`,`cEnumType`,`refReturn`,`bShowInRowAuth`,`iRowAuthBillId`,`cStyle`,`cSelfDefineType`,`bVmExclude`,`bRowAuthDim`,`isExport`) values (@id80,@id4,@id9,@id14,@id22,'AA','headDefine.define19','headDefine!define19','货位自定义项19','货位自定义项19','48',null,1,null,null,0,0,1,null,null,null,null,null,0,0,null,1,null,'255',null,1,null,1,0,0,null,1,null,null,null,null,1,null,null,null,1,'aa.goodsposition.GoodsPosition',null,null,'Input',null,null,0,null,null,'goodsPositionDefine19',0,0,1);
set @id81=@id80+1;
insert into billitem_base(`id`,`iBillId`,`iBillEntityId`,`iTplId`,`iBillTplGroupId`,`cSubId`,`cFieldName`,`cName`,`cCaption`,`cShowCaption`,`iOrder`,`iMaxLength`,`iFieldType`,`bEnum`,`cEnumString`,`isDeleted`,`bMustSelect`,`bHidden`,`cRefType`,`cRefId`,`cRefRetID`,`cDataRule`,`iFunctionType`,`bSplit`,`bExtend`,`iNumPoint`,`bCanModify`,`cSourceType`,`iMaxShowLen`,`cMemo`,`iColWidth`,`cSumType`,`iAlign`,`bNeedSum`,`bShowIt`,`bFixed`,`bFilter`,`cDefaultValue`,`cFormatData`,`cUserId`,`iTabIndex`,`bIsNull`,`bPrintCaption`,`bJointQuery`,`bPrintUpCase`,`bSelfDefine`,`cDataSourceName`,`cOrder`,`bCheck`,`cControlType`,`cEnumType`,`refReturn`,`bShowInRowAuth`,`iRowAuthBillId`,`cStyle`,`cSelfDefineType`,`bVmExclude`,`bRowAuthDim`,`isExport`) values (@id81,@id4,@id9,@id14,@id22,'AA','headDefine.define20','headDefine!define20','货位自定义项20','货位自定义项20','49',null,1,null,null,0,0,1,null,null,null,null,null,0,0,null,1,null,'255',null,1,null,1,0,0,null,1,null,null,null,null,1,null,null,null,1,'aa.goodsposition.GoodsPosition',null,null,'Input',null,null,0,null,null,'goodsPositionDefine20',0,0,1);
set @id82=@id81+1;
insert into billitem_base(`id`,`iBillId`,`iBillEntityId`,`iTplId`,`iBillTplGroupId`,`cSubId`,`cFieldName`,`cName`,`cCaption`,`cShowCaption`,`iOrder`,`iMaxLength`,`iFieldType`,`bEnum`,`cEnumString`,`isDeleted`,`bMustSelect`,`bHidden`,`cRefType`,`cRefId`,`cRefRetID`,`cDataRule`,`iFunctionType`,`bSplit`,`bExtend`,`iNumPoint`,`bCanModify`,`cSourceType`,`iMaxShowLen`,`cMemo`,`iColWidth`,`cSumType`,`iAlign`,`bNeedSum`,`bShowIt`,`bFixed`,`bFilter`,`cDefaultValue`,`cFormatData`,`cUserId`,`iTabIndex`,`bIsNull`,`bPrintCaption`,`bJointQuery`,`bPrintUpCase`,`bSelfDefine`,`cDataSourceName`,`cOrder`,`bCheck`,`cControlType`,`cEnumType`,`refReturn`,`bShowInRowAuth`,`iRowAuthBillId`,`cStyle`,`cSelfDefineType`,`bVmExclude`,`bRowAuthDim`,`isExport`) values (@id82,@id4,@id9,@id14,@id22,'AA','headDefine.define21','headDefine!define21','货位自定义项21','货位自定义项21','50',null,1,null,null,0,0,1,null,null,null,null,null,0,0,null,1,null,'255',null,1,null,1,0,0,null,1,null,null,null,null,1,null,null,null,1,'aa.goodsposition.GoodsPosition',null,null,'Input',null,null,0,null,null,'goodsPositionDefine21',0,0,1);
set @id83=@id82+1;
insert into billitem_base(`id`,`iBillId`,`iBillEntityId`,`iTplId`,`iBillTplGroupId`,`cSubId`,`cFieldName`,`cName`,`cCaption`,`cShowCaption`,`iOrder`,`iMaxLength`,`iFieldType`,`bEnum`,`cEnumString`,`isDeleted`,`bMustSelect`,`bHidden`,`cRefType`,`cRefId`,`cRefRetID`,`cDataRule`,`iFunctionType`,`bSplit`,`bExtend`,`iNumPoint`,`bCanModify`,`cSourceType`,`iMaxShowLen`,`cMemo`,`iColWidth`,`cSumType`,`iAlign`,`bNeedSum`,`bShowIt`,`bFixed`,`bFilter`,`cDefaultValue`,`cFormatData`,`cUserId`,`iTabIndex`,`bIsNull`,`bPrintCaption`,`bJointQuery`,`bPrintUpCase`,`bSelfDefine`,`cDataSourceName`,`cOrder`,`bCheck`,`cControlType`,`cEnumType`,`refReturn`,`bShowInRowAuth`,`iRowAuthBillId`,`cStyle`,`cSelfDefineType`,`bVmExclude`,`bRowAuthDim`,`isExport`) values (@id83,@id4,@id9,@id14,@id22,'AA','headDefine.define22','headDefine!define22','货位自定义项22','货位自定义项22','51',null,1,null,null,0,0,1,null,null,null,null,null,0,0,null,1,null,'255',null,1,null,1,0,0,null,1,null,null,null,null,1,null,null,null,1,'aa.goodsposition.GoodsPosition',null,null,'Input',null,null,0,null,null,'goodsPositionDefine22',0,0,1);
set @id84=@id83+1;
insert into billitem_base(`id`,`iBillId`,`iBillEntityId`,`iTplId`,`iBillTplGroupId`,`cSubId`,`cFieldName`,`cName`,`cCaption`,`cShowCaption`,`iOrder`,`iMaxLength`,`iFieldType`,`bEnum`,`cEnumString`,`isDeleted`,`bMustSelect`,`bHidden`,`cRefType`,`cRefId`,`cRefRetID`,`cDataRule`,`iFunctionType`,`bSplit`,`bExtend`,`iNumPoint`,`bCanModify`,`cSourceType`,`iMaxShowLen`,`cMemo`,`iColWidth`,`cSumType`,`iAlign`,`bNeedSum`,`bShowIt`,`bFixed`,`bFilter`,`cDefaultValue`,`cFormatData`,`cUserId`,`iTabIndex`,`bIsNull`,`bPrintCaption`,`bJointQuery`,`bPrintUpCase`,`bSelfDefine`,`cDataSourceName`,`cOrder`,`bCheck`,`cControlType`,`cEnumType`,`refReturn`,`bShowInRowAuth`,`iRowAuthBillId`,`cStyle`,`cSelfDefineType`,`bVmExclude`,`bRowAuthDim`,`isExport`) values (@id84,@id4,@id9,@id14,@id22,'AA','headDefine.define23','headDefine!define23','货位自定义项23','货位自定义项23','52',null,1,null,null,0,0,1,null,null,null,null,null,0,0,null,1,null,'255',null,1,null,1,0,0,null,1,null,null,null,null,1,null,null,null,1,'aa.goodsposition.GoodsPosition',null,null,'Input',null,null,0,null,null,'goodsPositionDefine23',0,0,1);
set @id85=@id84+1;
insert into billitem_base(`id`,`iBillId`,`iBillEntityId`,`iTplId`,`iBillTplGroupId`,`cSubId`,`cFieldName`,`cName`,`cCaption`,`cShowCaption`,`iOrder`,`iMaxLength`,`iFieldType`,`bEnum`,`cEnumString`,`isDeleted`,`bMustSelect`,`bHidden`,`cRefType`,`cRefId`,`cRefRetID`,`cDataRule`,`iFunctionType`,`bSplit`,`bExtend`,`iNumPoint`,`bCanModify`,`cSourceType`,`iMaxShowLen`,`cMemo`,`iColWidth`,`cSumType`,`iAlign`,`bNeedSum`,`bShowIt`,`bFixed`,`bFilter`,`cDefaultValue`,`cFormatData`,`cUserId`,`iTabIndex`,`bIsNull`,`bPrintCaption`,`bJointQuery`,`bPrintUpCase`,`bSelfDefine`,`cDataSourceName`,`cOrder`,`bCheck`,`cControlType`,`cEnumType`,`refReturn`,`bShowInRowAuth`,`iRowAuthBillId`,`cStyle`,`cSelfDefineType`,`bVmExclude`,`bRowAuthDim`,`isExport`) values (@id85,@id4,@id9,@id14,@id22,'AA','headDefine.define24','headDefine!define24','货位自定义项24','货位自定义项24','53',null,1,null,null,0,0,1,null,null,null,null,null,0,0,null,1,null,'255',null,1,null,1,0,0,null,1,null,null,null,null,1,null,null,null,1,'aa.goodsposition.GoodsPosition',null,null,'Input',null,null,0,null,null,'goodsPositionDefine24',0,0,1);
set @id86=@id85+1;
insert into billitem_base(`id`,`iBillId`,`iBillEntityId`,`iTplId`,`iBillTplGroupId`,`cSubId`,`cFieldName`,`cName`,`cCaption`,`cShowCaption`,`iOrder`,`iMaxLength`,`iFieldType`,`bEnum`,`cEnumString`,`isDeleted`,`bMustSelect`,`bHidden`,`cRefType`,`cRefId`,`cRefRetID`,`cDataRule`,`iFunctionType`,`bSplit`,`bExtend`,`iNumPoint`,`bCanModify`,`cSourceType`,`iMaxShowLen`,`cMemo`,`iColWidth`,`cSumType`,`iAlign`,`bNeedSum`,`bShowIt`,`bFixed`,`bFilter`,`cDefaultValue`,`cFormatData`,`cUserId`,`iTabIndex`,`bIsNull`,`bPrintCaption`,`bJointQuery`,`bPrintUpCase`,`bSelfDefine`,`cDataSourceName`,`cOrder`,`bCheck`,`cControlType`,`cEnumType`,`refReturn`,`bShowInRowAuth`,`iRowAuthBillId`,`cStyle`,`cSelfDefineType`,`bVmExclude`,`bRowAuthDim`,`isExport`) values (@id86,@id4,@id9,@id14,@id22,'AA','headDefine.define25','headDefine!define25','货位自定义项25','货位自定义项25','54',null,1,null,null,0,0,1,null,null,null,null,null,0,0,null,1,null,'255',null,1,null,1,0,0,null,1,null,null,null,null,1,null,null,null,1,'aa.goodsposition.GoodsPosition',null,null,'Input',null,null,0,null,null,'goodsPositionDefine25',0,0,1);
set @id87=@id86+1;
insert into billitem_base(`id`,`iBillId`,`iBillEntityId`,`iTplId`,`iBillTplGroupId`,`cSubId`,`cFieldName`,`cName`,`cCaption`,`cShowCaption`,`iOrder`,`iMaxLength`,`iFieldType`,`bEnum`,`cEnumString`,`isDeleted`,`bMustSelect`,`bHidden`,`cRefType`,`cRefId`,`cRefRetID`,`cDataRule`,`iFunctionType`,`bSplit`,`bExtend`,`iNumPoint`,`bCanModify`,`cSourceType`,`iMaxShowLen`,`cMemo`,`iColWidth`,`cSumType`,`iAlign`,`bNeedSum`,`bShowIt`,`bFixed`,`bFilter`,`cDefaultValue`,`cFormatData`,`cUserId`,`iTabIndex`,`bIsNull`,`bPrintCaption`,`bJointQuery`,`bPrintUpCase`,`bSelfDefine`,`cDataSourceName`,`cOrder`,`bCheck`,`cControlType`,`cEnumType`,`refReturn`,`bShowInRowAuth`,`iRowAuthBillId`,`cStyle`,`cSelfDefineType`,`bVmExclude`,`bRowAuthDim`,`isExport`) values (@id87,@id4,@id9,@id14,@id22,'AA','headDefine.define26','headDefine!define26','货位自定义项26','货位自定义项26','55',null,1,null,null,0,0,1,null,null,null,null,null,0,0,null,1,null,'255',null,1,null,1,0,0,null,1,null,null,null,null,1,null,null,null,1,'aa.goodsposition.GoodsPosition',null,null,'Input',null,null,0,null,null,'goodsPositionDefine26',0,0,1);
set @id88=@id87+1;
insert into billitem_base(`id`,`iBillId`,`iBillEntityId`,`iTplId`,`iBillTplGroupId`,`cSubId`,`cFieldName`,`cName`,`cCaption`,`cShowCaption`,`iOrder`,`iMaxLength`,`iFieldType`,`bEnum`,`cEnumString`,`isDeleted`,`bMustSelect`,`bHidden`,`cRefType`,`cRefId`,`cRefRetID`,`cDataRule`,`iFunctionType`,`bSplit`,`bExtend`,`iNumPoint`,`bCanModify`,`cSourceType`,`iMaxShowLen`,`cMemo`,`iColWidth`,`cSumType`,`iAlign`,`bNeedSum`,`bShowIt`,`bFixed`,`bFilter`,`cDefaultValue`,`cFormatData`,`cUserId`,`iTabIndex`,`bIsNull`,`bPrintCaption`,`bJointQuery`,`bPrintUpCase`,`bSelfDefine`,`cDataSourceName`,`cOrder`,`bCheck`,`cControlType`,`cEnumType`,`refReturn`,`bShowInRowAuth`,`iRowAuthBillId`,`cStyle`,`cSelfDefineType`,`bVmExclude`,`bRowAuthDim`,`isExport`) values (@id88,@id4,@id9,@id14,@id22,'AA','headDefine.define27','headDefine!define27','货位自定义项27','货位自定义项27','56',null,1,null,null,0,0,1,null,null,null,null,null,0,0,null,1,null,'255',null,1,null,1,0,0,null,1,null,null,null,null,1,null,null,null,1,'aa.goodsposition.GoodsPosition',null,null,'Input',null,null,0,null,null,'goodsPositionDefine27',0,0,1);
set @id89=@id88+1;
insert into billitem_base(`id`,`iBillId`,`iBillEntityId`,`iTplId`,`iBillTplGroupId`,`cSubId`,`cFieldName`,`cName`,`cCaption`,`cShowCaption`,`iOrder`,`iMaxLength`,`iFieldType`,`bEnum`,`cEnumString`,`isDeleted`,`bMustSelect`,`bHidden`,`cRefType`,`cRefId`,`cRefRetID`,`cDataRule`,`iFunctionType`,`bSplit`,`bExtend`,`iNumPoint`,`bCanModify`,`cSourceType`,`iMaxShowLen`,`cMemo`,`iColWidth`,`cSumType`,`iAlign`,`bNeedSum`,`bShowIt`,`bFixed`,`bFilter`,`cDefaultValue`,`cFormatData`,`cUserId`,`iTabIndex`,`bIsNull`,`bPrintCaption`,`bJointQuery`,`bPrintUpCase`,`bSelfDefine`,`cDataSourceName`,`cOrder`,`bCheck`,`cControlType`,`cEnumType`,`refReturn`,`bShowInRowAuth`,`iRowAuthBillId`,`cStyle`,`cSelfDefineType`,`bVmExclude`,`bRowAuthDim`,`isExport`) values (@id89,@id4,@id9,@id14,@id22,'AA','headDefine.define28','headDefine!define28','货位自定义项28','货位自定义项28','57',null,1,null,null,0,0,1,null,null,null,null,null,0,0,null,1,null,'255',null,1,null,1,0,0,null,1,null,null,null,null,1,null,null,null,1,'aa.goodsposition.GoodsPosition',null,null,'Input',null,null,0,null,null,'goodsPositionDefine28',0,0,1);
set @id90=@id89+1;
insert into billitem_base(`id`,`iBillId`,`iBillEntityId`,`iTplId`,`iBillTplGroupId`,`cSubId`,`cFieldName`,`cName`,`cCaption`,`cShowCaption`,`iOrder`,`iMaxLength`,`iFieldType`,`bEnum`,`cEnumString`,`isDeleted`,`bMustSelect`,`bHidden`,`cRefType`,`cRefId`,`cRefRetID`,`cDataRule`,`iFunctionType`,`bSplit`,`bExtend`,`iNumPoint`,`bCanModify`,`cSourceType`,`iMaxShowLen`,`cMemo`,`iColWidth`,`cSumType`,`iAlign`,`bNeedSum`,`bShowIt`,`bFixed`,`bFilter`,`cDefaultValue`,`cFormatData`,`cUserId`,`iTabIndex`,`bIsNull`,`bPrintCaption`,`bJointQuery`,`bPrintUpCase`,`bSelfDefine`,`cDataSourceName`,`cOrder`,`bCheck`,`cControlType`,`cEnumType`,`refReturn`,`bShowInRowAuth`,`iRowAuthBillId`,`cStyle`,`cSelfDefineType`,`bVmExclude`,`bRowAuthDim`,`isExport`) values (@id90,@id4,@id9,@id14,@id22,'AA','headDefine.define29','headDefine!define29','货位自定义项29','货位自定义项29','58',null,1,null,null,0,0,1,null,null,null,null,null,0,0,null,1,null,'255',null,1,null,1,0,0,null,1,null,null,null,null,1,null,null,null,1,'aa.goodsposition.GoodsPosition',null,null,'Input',null,null,0,null,null,'goodsPositionDefine29',0,0,1);
set @id91=@id90+1;
insert into billitem_base(`id`,`iBillId`,`iBillEntityId`,`iTplId`,`iBillTplGroupId`,`cSubId`,`cFieldName`,`cName`,`cCaption`,`cShowCaption`,`iOrder`,`iMaxLength`,`iFieldType`,`bEnum`,`cEnumString`,`isDeleted`,`bMustSelect`,`bHidden`,`cRefType`,`cRefId`,`cRefRetID`,`cDataRule`,`iFunctionType`,`bSplit`,`bExtend`,`iNumPoint`,`bCanModify`,`cSourceType`,`iMaxShowLen`,`cMemo`,`iColWidth`,`cSumType`,`iAlign`,`bNeedSum`,`bShowIt`,`bFixed`,`bFilter`,`cDefaultValue`,`cFormatData`,`cUserId`,`iTabIndex`,`bIsNull`,`bPrintCaption`,`bJointQuery`,`bPrintUpCase`,`bSelfDefine`,`cDataSourceName`,`cOrder`,`bCheck`,`cControlType`,`cEnumType`,`refReturn`,`bShowInRowAuth`,`iRowAuthBillId`,`cStyle`,`cSelfDefineType`,`bVmExclude`,`bRowAuthDim`,`isExport`) values (@id91,@id4,@id9,@id14,@id22,'AA','headDefine.define30','headDefine!define30','货位自定义项30','货位自定义项30','59',null,1,null,null,0,0,1,null,null,null,null,null,0,0,null,1,null,'255',null,1,null,1,0,0,null,1,null,null,null,null,1,null,null,null,1,'aa.goodsposition.GoodsPosition',null,null,'Input',null,null,0,null,null,'goodsPositionDefine30',0,0,1);
set @id92=@id91+1;
insert into billitem_base(`id`,`iBillId`,`iBillEntityId`,`iTplId`,`iBillTplGroupId`,`cSubId`,`cFieldName`,`cName`,`cCaption`,`cShowCaption`,`iOrder`,`iMaxLength`,`iFieldType`,`bEnum`,`cEnumString`,`isDeleted`,`bMustSelect`,`bHidden`,`cRefType`,`cRefId`,`cRefRetID`,`cDataRule`,`iFunctionType`,`bSplit`,`bExtend`,`iNumPoint`,`bCanModify`,`cSourceType`,`iMaxShowLen`,`cMemo`,`iColWidth`,`cSumType`,`iAlign`,`bNeedSum`,`bShowIt`,`bFixed`,`bFilter`,`cDefaultValue`,`cFormatData`,`cUserId`,`iTabIndex`,`bIsNull`,`bPrintCaption`,`bJointQuery`,`bPrintUpCase`,`bSelfDefine`,`cDataSourceName`,`cOrder`,`bCheck`,`cControlType`,`cEnumType`,`refReturn`,`bShowInRowAuth`,`iRowAuthBillId`,`cStyle`,`cSelfDefineType`,`bVmExclude`,`bRowAuthDim`,`isExport`) values (@id92,@id4,@id9,@id14,@id22,'AA','headDefine.define31','headDefine!define31','货位自定义项31','货位自定义项31','60',null,1,null,null,0,0,1,null,null,null,null,null,0,0,null,1,null,'255',null,1,null,1,0,0,null,1,null,null,null,null,1,null,null,null,1,'aa.goodsposition.GoodsPosition',null,null,'Input',null,null,0,null,null,'goodsPositionDefine31',0,0,1);
set @id93=@id92+1;
insert into billitem_base(`id`,`iBillId`,`iBillEntityId`,`iTplId`,`iBillTplGroupId`,`cSubId`,`cFieldName`,`cName`,`cCaption`,`cShowCaption`,`iOrder`,`iMaxLength`,`iFieldType`,`bEnum`,`cEnumString`,`isDeleted`,`bMustSelect`,`bHidden`,`cRefType`,`cRefId`,`cRefRetID`,`cDataRule`,`iFunctionType`,`bSplit`,`bExtend`,`iNumPoint`,`bCanModify`,`cSourceType`,`iMaxShowLen`,`cMemo`,`iColWidth`,`cSumType`,`iAlign`,`bNeedSum`,`bShowIt`,`bFixed`,`bFilter`,`cDefaultValue`,`cFormatData`,`cUserId`,`iTabIndex`,`bIsNull`,`bPrintCaption`,`bJointQuery`,`bPrintUpCase`,`bSelfDefine`,`cDataSourceName`,`cOrder`,`bCheck`,`cControlType`,`cEnumType`,`refReturn`,`bShowInRowAuth`,`iRowAuthBillId`,`cStyle`,`cSelfDefineType`,`bVmExclude`,`bRowAuthDim`,`isExport`) values (@id93,@id4,@id9,@id14,@id22,'AA','headDefine.define32','headDefine!define32','货位自定义项32','货位自定义项32','61',null,1,null,null,0,0,1,null,null,null,null,null,0,0,null,1,null,'255',null,1,null,1,0,0,null,1,null,null,null,null,1,null,null,null,1,'aa.goodsposition.GoodsPosition',null,null,'Input',null,null,0,null,null,'goodsPositionDefine32',0,0,1);
set @id94=@id93+1;
insert into billitem_base(`id`,`iBillId`,`iBillEntityId`,`iTplId`,`iBillTplGroupId`,`cSubId`,`cFieldName`,`cName`,`cCaption`,`cShowCaption`,`iOrder`,`iMaxLength`,`iFieldType`,`bEnum`,`cEnumString`,`isDeleted`,`bMustSelect`,`bHidden`,`cRefType`,`cRefId`,`cRefRetID`,`cDataRule`,`iFunctionType`,`bSplit`,`bExtend`,`iNumPoint`,`bCanModify`,`cSourceType`,`iMaxShowLen`,`cMemo`,`iColWidth`,`cSumType`,`iAlign`,`bNeedSum`,`bShowIt`,`bFixed`,`bFilter`,`cDefaultValue`,`cFormatData`,`cUserId`,`iTabIndex`,`bIsNull`,`bPrintCaption`,`bJointQuery`,`bPrintUpCase`,`bSelfDefine`,`cDataSourceName`,`cOrder`,`bCheck`,`cControlType`,`cEnumType`,`refReturn`,`bShowInRowAuth`,`iRowAuthBillId`,`cStyle`,`cSelfDefineType`,`bVmExclude`,`bRowAuthDim`,`isExport`) values (@id94,@id4,@id9,@id14,@id22,'AA','headDefine.define33','headDefine!define33','货位自定义项33','货位自定义项33','62',null,1,null,null,0,0,1,null,null,null,null,null,0,0,null,1,null,'255',null,1,null,1,0,0,null,1,null,null,null,null,1,null,null,null,1,'aa.goodsposition.GoodsPosition',null,null,'Input',null,null,0,null,null,'goodsPositionDefine33',0,0,1);
set @id95=@id94+1;
insert into billitem_base(`id`,`iBillId`,`iBillEntityId`,`iTplId`,`iBillTplGroupId`,`cSubId`,`cFieldName`,`cName`,`cCaption`,`cShowCaption`,`iOrder`,`iMaxLength`,`iFieldType`,`bEnum`,`cEnumString`,`isDeleted`,`bMustSelect`,`bHidden`,`cRefType`,`cRefId`,`cRefRetID`,`cDataRule`,`iFunctionType`,`bSplit`,`bExtend`,`iNumPoint`,`bCanModify`,`cSourceType`,`iMaxShowLen`,`cMemo`,`iColWidth`,`cSumType`,`iAlign`,`bNeedSum`,`bShowIt`,`bFixed`,`bFilter`,`cDefaultValue`,`cFormatData`,`cUserId`,`iTabIndex`,`bIsNull`,`bPrintCaption`,`bJointQuery`,`bPrintUpCase`,`bSelfDefine`,`cDataSourceName`,`cOrder`,`bCheck`,`cControlType`,`cEnumType`,`refReturn`,`bShowInRowAuth`,`iRowAuthBillId`,`cStyle`,`cSelfDefineType`,`bVmExclude`,`bRowAuthDim`,`isExport`) values (@id95,@id4,@id9,@id14,@id22,'AA','headDefine.define34','headDefine!define34','货位自定义项34','货位自定义项34','63',null,1,null,null,0,0,1,null,null,null,null,null,0,0,null,1,null,'255',null,1,null,1,0,0,null,1,null,null,null,null,1,null,null,null,1,'aa.goodsposition.GoodsPosition',null,null,'Input',null,null,0,null,null,'goodsPositionDefine34',0,0,1);
set @id96=@id95+1;
insert into billitem_base(`id`,`iBillId`,`iBillEntityId`,`iTplId`,`iBillTplGroupId`,`cSubId`,`cFieldName`,`cName`,`cCaption`,`cShowCaption`,`iOrder`,`iMaxLength`,`iFieldType`,`bEnum`,`cEnumString`,`isDeleted`,`bMustSelect`,`bHidden`,`cRefType`,`cRefId`,`cRefRetID`,`cDataRule`,`iFunctionType`,`bSplit`,`bExtend`,`iNumPoint`,`bCanModify`,`cSourceType`,`iMaxShowLen`,`cMemo`,`iColWidth`,`cSumType`,`iAlign`,`bNeedSum`,`bShowIt`,`bFixed`,`bFilter`,`cDefaultValue`,`cFormatData`,`cUserId`,`iTabIndex`,`bIsNull`,`bPrintCaption`,`bJointQuery`,`bPrintUpCase`,`bSelfDefine`,`cDataSourceName`,`cOrder`,`bCheck`,`cControlType`,`cEnumType`,`refReturn`,`bShowInRowAuth`,`iRowAuthBillId`,`cStyle`,`cSelfDefineType`,`bVmExclude`,`bRowAuthDim`,`isExport`) values (@id96,@id4,@id9,@id14,@id22,'AA','headDefine.define35','headDefine!define35','货位自定义项35','货位自定义项35','64',null,1,null,null,0,0,1,null,null,null,null,null,0,0,null,1,null,'255',null,1,null,1,0,0,null,1,null,null,null,null,1,null,null,null,1,'aa.goodsposition.GoodsPosition',null,null,'Input',null,null,0,null,null,'goodsPositionDefine35',0,0,1);
set @id97=@id96+1;
insert into billitem_base(`id`,`iBillId`,`iBillEntityId`,`iTplId`,`iBillTplGroupId`,`cSubId`,`cFieldName`,`cName`,`cCaption`,`cShowCaption`,`iOrder`,`iMaxLength`,`iFieldType`,`bEnum`,`cEnumString`,`isDeleted`,`bMustSelect`,`bHidden`,`cRefType`,`cRefId`,`cRefRetID`,`cDataRule`,`iFunctionType`,`bSplit`,`bExtend`,`iNumPoint`,`bCanModify`,`cSourceType`,`iMaxShowLen`,`cMemo`,`iColWidth`,`cSumType`,`iAlign`,`bNeedSum`,`bShowIt`,`bFixed`,`bFilter`,`cDefaultValue`,`cFormatData`,`cUserId`,`iTabIndex`,`bIsNull`,`bPrintCaption`,`bJointQuery`,`bPrintUpCase`,`bSelfDefine`,`cDataSourceName`,`cOrder`,`bCheck`,`cControlType`,`cEnumType`,`refReturn`,`bShowInRowAuth`,`iRowAuthBillId`,`cStyle`,`cSelfDefineType`,`bVmExclude`,`bRowAuthDim`,`isExport`) values (@id97,@id4,@id9,@id14,@id22,'AA','headDefine.define36','headDefine!define36','货位自定义项36','货位自定义项36','65',null,1,null,null,0,0,1,null,null,null,null,null,0,0,null,1,null,'255',null,1,null,1,0,0,null,1,null,null,null,null,1,null,null,null,1,'aa.goodsposition.GoodsPosition',null,null,'Input',null,null,0,null,null,'goodsPositionDefine36',0,0,1);
set @id98=@id97+1;
insert into billitem_base(`id`,`iBillId`,`iBillEntityId`,`iTplId`,`iBillTplGroupId`,`cSubId`,`cFieldName`,`cName`,`cCaption`,`cShowCaption`,`iOrder`,`iMaxLength`,`iFieldType`,`bEnum`,`cEnumString`,`isDeleted`,`bMustSelect`,`bHidden`,`cRefType`,`cRefId`,`cRefRetID`,`cDataRule`,`iFunctionType`,`bSplit`,`bExtend`,`iNumPoint`,`bCanModify`,`cSourceType`,`iMaxShowLen`,`cMemo`,`iColWidth`,`cSumType`,`iAlign`,`bNeedSum`,`bShowIt`,`bFixed`,`bFilter`,`cDefaultValue`,`cFormatData`,`cUserId`,`iTabIndex`,`bIsNull`,`bPrintCaption`,`bJointQuery`,`bPrintUpCase`,`bSelfDefine`,`cDataSourceName`,`cOrder`,`bCheck`,`cControlType`,`cEnumType`,`refReturn`,`bShowInRowAuth`,`iRowAuthBillId`,`cStyle`,`cSelfDefineType`,`bVmExclude`,`bRowAuthDim`,`isExport`) values (@id98,@id4,@id9,@id14,@id22,'AA','headDefine.define37','headDefine!define37','货位自定义项37','货位自定义项37','66',null,1,null,null,0,0,1,null,null,null,null,null,0,0,null,1,null,'255',null,1,null,1,0,0,null,1,null,null,null,null,1,null,null,null,1,'aa.goodsposition.GoodsPosition',null,null,'Input',null,null,0,null,null,'goodsPositionDefine37',0,0,1);
set @id99=@id98+1;
insert into billitem_base(`id`,`iBillId`,`iBillEntityId`,`iTplId`,`iBillTplGroupId`,`cSubId`,`cFieldName`,`cName`,`cCaption`,`cShowCaption`,`iOrder`,`iMaxLength`,`iFieldType`,`bEnum`,`cEnumString`,`isDeleted`,`bMustSelect`,`bHidden`,`cRefType`,`cRefId`,`cRefRetID`,`cDataRule`,`iFunctionType`,`bSplit`,`bExtend`,`iNumPoint`,`bCanModify`,`cSourceType`,`iMaxShowLen`,`cMemo`,`iColWidth`,`cSumType`,`iAlign`,`bNeedSum`,`bShowIt`,`bFixed`,`bFilter`,`cDefaultValue`,`cFormatData`,`cUserId`,`iTabIndex`,`bIsNull`,`bPrintCaption`,`bJointQuery`,`bPrintUpCase`,`bSelfDefine`,`cDataSourceName`,`cOrder`,`bCheck`,`cControlType`,`cEnumType`,`refReturn`,`bShowInRowAuth`,`iRowAuthBillId`,`cStyle`,`cSelfDefineType`,`bVmExclude`,`bRowAuthDim`,`isExport`) values (@id99,@id4,@id9,@id14,@id22,'AA','headDefine.define38','headDefine!define38','货位自定义项38','货位自定义项38','67',null,1,null,null,0,0,1,null,null,null,null,null,0,0,null,1,null,'255',null,1,null,1,0,0,null,1,null,null,null,null,1,null,null,null,1,'aa.goodsposition.GoodsPosition',null,null,'Input',null,null,0,null,null,'goodsPositionDefine38',0,0,1);
set @id100=@id99+1;
insert into billitem_base(`id`,`iBillId`,`iBillEntityId`,`iTplId`,`iBillTplGroupId`,`cSubId`,`cFieldName`,`cName`,`cCaption`,`cShowCaption`,`iOrder`,`iMaxLength`,`iFieldType`,`bEnum`,`cEnumString`,`isDeleted`,`bMustSelect`,`bHidden`,`cRefType`,`cRefId`,`cRefRetID`,`cDataRule`,`iFunctionType`,`bSplit`,`bExtend`,`iNumPoint`,`bCanModify`,`cSourceType`,`iMaxShowLen`,`cMemo`,`iColWidth`,`cSumType`,`iAlign`,`bNeedSum`,`bShowIt`,`bFixed`,`bFilter`,`cDefaultValue`,`cFormatData`,`cUserId`,`iTabIndex`,`bIsNull`,`bPrintCaption`,`bJointQuery`,`bPrintUpCase`,`bSelfDefine`,`cDataSourceName`,`cOrder`,`bCheck`,`cControlType`,`cEnumType`,`refReturn`,`bShowInRowAuth`,`iRowAuthBillId`,`cStyle`,`cSelfDefineType`,`bVmExclude`,`bRowAuthDim`,`isExport`) values (@id100,@id4,@id9,@id14,@id22,'AA','headDefine.define39','headDefine!define39','货位自定义项39','货位自定义项39','68',null,1,null,null,0,0,1,null,null,null,null,null,0,0,null,1,null,'255',null,1,null,1,0,0,null,1,null,null,null,null,1,null,null,null,1,'aa.goodsposition.GoodsPosition',null,null,'Input',null,null,0,null,null,'goodsPositionDefine39',0,0,1);
set @id101=@id100+1;
insert into billitem_base(`id`,`iBillId`,`iBillEntityId`,`iTplId`,`iBillTplGroupId`,`cSubId`,`cFieldName`,`cName`,`cCaption`,`cShowCaption`,`iOrder`,`iMaxLength`,`iFieldType`,`bEnum`,`cEnumString`,`isDeleted`,`bMustSelect`,`bHidden`,`cRefType`,`cRefId`,`cRefRetID`,`cDataRule`,`iFunctionType`,`bSplit`,`bExtend`,`iNumPoint`,`bCanModify`,`cSourceType`,`iMaxShowLen`,`cMemo`,`iColWidth`,`cSumType`,`iAlign`,`bNeedSum`,`bShowIt`,`bFixed`,`bFilter`,`cDefaultValue`,`cFormatData`,`cUserId`,`iTabIndex`,`bIsNull`,`bPrintCaption`,`bJointQuery`,`bPrintUpCase`,`bSelfDefine`,`cDataSourceName`,`cOrder`,`bCheck`,`cControlType`,`cEnumType`,`refReturn`,`bShowInRowAuth`,`iRowAuthBillId`,`cStyle`,`cSelfDefineType`,`bVmExclude`,`bRowAuthDim`,`isExport`) values (@id101,@id4,@id9,@id14,@id22,'AA','headDefine.define40','headDefine!define40','货位自定义项40','货位自定义项40','69',null,1,null,null,0,0,1,null,null,null,null,null,0,0,null,1,null,'255',null,1,null,1,0,0,null,1,null,null,null,null,1,null,null,null,1,'aa.goodsposition.GoodsPosition',null,null,'Input',null,null,0,null,null,'goodsPositionDefine40',0,0,1);
set @id102=@id101+1;
insert into billitem_base(`id`,`iBillId`,`iBillEntityId`,`iTplId`,`iBillTplGroupId`,`cSubId`,`cFieldName`,`cName`,`cCaption`,`cShowCaption`,`iOrder`,`iMaxLength`,`iFieldType`,`bEnum`,`cEnumString`,`isDeleted`,`bMustSelect`,`bHidden`,`cRefType`,`cRefId`,`cRefRetID`,`cDataRule`,`iFunctionType`,`bSplit`,`bExtend`,`iNumPoint`,`bCanModify`,`cSourceType`,`iMaxShowLen`,`cMemo`,`iColWidth`,`cSumType`,`iAlign`,`bNeedSum`,`bShowIt`,`bFixed`,`bFilter`,`cDefaultValue`,`cFormatData`,`cUserId`,`iTabIndex`,`bIsNull`,`bPrintCaption`,`bJointQuery`,`bPrintUpCase`,`bSelfDefine`,`cDataSourceName`,`cOrder`,`bCheck`,`cControlType`,`cEnumType`,`refReturn`,`bShowInRowAuth`,`iRowAuthBillId`,`cStyle`,`cSelfDefineType`,`bVmExclude`,`bRowAuthDim`,`isExport`) values (@id102,@id4,@id9,@id14,@id22,'AA','headDefine.define41','headDefine!define41','货位自定义项41','货位自定义项41','70',null,1,null,null,0,0,1,null,null,null,null,null,0,0,null,1,null,'255',null,1,null,1,0,0,null,1,null,null,null,null,1,null,null,null,1,'aa.goodsposition.GoodsPosition',null,null,'Input',null,null,0,null,null,'goodsPositionDefine41',0,0,1);
set @id103=@id102+1;
insert into billitem_base(`id`,`iBillId`,`iBillEntityId`,`iTplId`,`iBillTplGroupId`,`cSubId`,`cFieldName`,`cName`,`cCaption`,`cShowCaption`,`iOrder`,`iMaxLength`,`iFieldType`,`bEnum`,`cEnumString`,`isDeleted`,`bMustSelect`,`bHidden`,`cRefType`,`cRefId`,`cRefRetID`,`cDataRule`,`iFunctionType`,`bSplit`,`bExtend`,`iNumPoint`,`bCanModify`,`cSourceType`,`iMaxShowLen`,`cMemo`,`iColWidth`,`cSumType`,`iAlign`,`bNeedSum`,`bShowIt`,`bFixed`,`bFilter`,`cDefaultValue`,`cFormatData`,`cUserId`,`iTabIndex`,`bIsNull`,`bPrintCaption`,`bJointQuery`,`bPrintUpCase`,`bSelfDefine`,`cDataSourceName`,`cOrder`,`bCheck`,`cControlType`,`cEnumType`,`refReturn`,`bShowInRowAuth`,`iRowAuthBillId`,`cStyle`,`cSelfDefineType`,`bVmExclude`,`bRowAuthDim`,`isExport`) values (@id103,@id4,@id9,@id14,@id22,'AA','headDefine.define42','headDefine!define42','货位自定义项42','货位自定义项42','71',null,1,null,null,0,0,1,null,null,null,null,null,0,0,null,1,null,'255',null,1,null,1,0,0,null,1,null,null,null,null,1,null,null,null,1,'aa.goodsposition.GoodsPosition',null,null,'Input',null,null,0,null,null,'goodsPositionDefine42',0,0,1);
set @id104=@id103+1;
insert into billitem_base(`id`,`iBillId`,`iBillEntityId`,`iTplId`,`iBillTplGroupId`,`cSubId`,`cFieldName`,`cName`,`cCaption`,`cShowCaption`,`iOrder`,`iMaxLength`,`iFieldType`,`bEnum`,`cEnumString`,`isDeleted`,`bMustSelect`,`bHidden`,`cRefType`,`cRefId`,`cRefRetID`,`cDataRule`,`iFunctionType`,`bSplit`,`bExtend`,`iNumPoint`,`bCanModify`,`cSourceType`,`iMaxShowLen`,`cMemo`,`iColWidth`,`cSumType`,`iAlign`,`bNeedSum`,`bShowIt`,`bFixed`,`bFilter`,`cDefaultValue`,`cFormatData`,`cUserId`,`iTabIndex`,`bIsNull`,`bPrintCaption`,`bJointQuery`,`bPrintUpCase`,`bSelfDefine`,`cDataSourceName`,`cOrder`,`bCheck`,`cControlType`,`cEnumType`,`refReturn`,`bShowInRowAuth`,`iRowAuthBillId`,`cStyle`,`cSelfDefineType`,`bVmExclude`,`bRowAuthDim`,`isExport`) values (@id104,@id4,@id9,@id14,@id22,'AA','headDefine.define43','headDefine!define43','货位自定义项43','货位自定义项43','72',null,1,null,null,0,0,1,null,null,null,null,null,0,0,null,1,null,'255',null,1,null,1,0,0,null,1,null,null,null,null,1,null,null,null,1,'aa.goodsposition.GoodsPosition',null,null,'Input',null,null,0,null,null,'goodsPositionDefine43',0,0,1);
set @id105=@id104+1;
insert into billitem_base(`id`,`iBillId`,`iBillEntityId`,`iTplId`,`iBillTplGroupId`,`cSubId`,`cFieldName`,`cName`,`cCaption`,`cShowCaption`,`iOrder`,`iMaxLength`,`iFieldType`,`bEnum`,`cEnumString`,`isDeleted`,`bMustSelect`,`bHidden`,`cRefType`,`cRefId`,`cRefRetID`,`cDataRule`,`iFunctionType`,`bSplit`,`bExtend`,`iNumPoint`,`bCanModify`,`cSourceType`,`iMaxShowLen`,`cMemo`,`iColWidth`,`cSumType`,`iAlign`,`bNeedSum`,`bShowIt`,`bFixed`,`bFilter`,`cDefaultValue`,`cFormatData`,`cUserId`,`iTabIndex`,`bIsNull`,`bPrintCaption`,`bJointQuery`,`bPrintUpCase`,`bSelfDefine`,`cDataSourceName`,`cOrder`,`bCheck`,`cControlType`,`cEnumType`,`refReturn`,`bShowInRowAuth`,`iRowAuthBillId`,`cStyle`,`cSelfDefineType`,`bVmExclude`,`bRowAuthDim`,`isExport`) values (@id105,@id4,@id9,@id14,@id22,'AA','headDefine.define44','headDefine!define44','货位自定义项44','货位自定义项44','73',null,1,null,null,0,0,1,null,null,null,null,null,0,0,null,1,null,'255',null,1,null,1,0,0,null,1,null,null,null,null,1,null,null,null,1,'aa.goodsposition.GoodsPosition',null,null,'Input',null,null,0,null,null,'goodsPositionDefine44',0,0,1);
set @id106=@id105+1;
insert into billitem_base(`id`,`iBillId`,`iBillEntityId`,`iTplId`,`iBillTplGroupId`,`cSubId`,`cFieldName`,`cName`,`cCaption`,`cShowCaption`,`iOrder`,`iMaxLength`,`iFieldType`,`bEnum`,`cEnumString`,`isDeleted`,`bMustSelect`,`bHidden`,`cRefType`,`cRefId`,`cRefRetID`,`cDataRule`,`iFunctionType`,`bSplit`,`bExtend`,`iNumPoint`,`bCanModify`,`cSourceType`,`iMaxShowLen`,`cMemo`,`iColWidth`,`cSumType`,`iAlign`,`bNeedSum`,`bShowIt`,`bFixed`,`bFilter`,`cDefaultValue`,`cFormatData`,`cUserId`,`iTabIndex`,`bIsNull`,`bPrintCaption`,`bJointQuery`,`bPrintUpCase`,`bSelfDefine`,`cDataSourceName`,`cOrder`,`bCheck`,`cControlType`,`cEnumType`,`refReturn`,`bShowInRowAuth`,`iRowAuthBillId`,`cStyle`,`cSelfDefineType`,`bVmExclude`,`bRowAuthDim`,`isExport`) values (@id106,@id4,@id9,@id14,@id22,'AA','headDefine.define45','headDefine!define45','货位自定义项45','货位自定义项45','74',null,1,null,null,0,0,1,null,null,null,null,null,0,0,null,1,null,'255',null,1,null,1,0,0,null,1,null,null,null,null,1,null,null,null,1,'aa.goodsposition.GoodsPosition',null,null,'Input',null,null,0,null,null,'goodsPositionDefine45',0,0,1);
set @id107=@id106+1;
insert into billitem_base(`id`,`iBillId`,`iBillEntityId`,`iTplId`,`iBillTplGroupId`,`cSubId`,`cFieldName`,`cName`,`cCaption`,`cShowCaption`,`iOrder`,`iMaxLength`,`iFieldType`,`bEnum`,`cEnumString`,`isDeleted`,`bMustSelect`,`bHidden`,`cRefType`,`cRefId`,`cRefRetID`,`cDataRule`,`iFunctionType`,`bSplit`,`bExtend`,`iNumPoint`,`bCanModify`,`cSourceType`,`iMaxShowLen`,`cMemo`,`iColWidth`,`cSumType`,`iAlign`,`bNeedSum`,`bShowIt`,`bFixed`,`bFilter`,`cDefaultValue`,`cFormatData`,`cUserId`,`iTabIndex`,`bIsNull`,`bPrintCaption`,`bJointQuery`,`bPrintUpCase`,`bSelfDefine`,`cDataSourceName`,`cOrder`,`bCheck`,`cControlType`,`cEnumType`,`refReturn`,`bShowInRowAuth`,`iRowAuthBillId`,`cStyle`,`cSelfDefineType`,`bVmExclude`,`bRowAuthDim`,`isExport`) values (@id107,@id4,@id9,@id14,@id22,'AA','headDefine.define46','headDefine!define46','货位自定义项46','货位自定义项46','75',null,1,null,null,0,0,1,null,null,null,null,null,0,0,null,1,null,'255',null,1,null,1,0,0,null,1,null,null,null,null,1,null,null,null,1,'aa.goodsposition.GoodsPosition',null,null,'Input',null,null,0,null,null,'goodsPositionDefine46',0,0,1);
set @id108=@id107+1;
insert into billitem_base(`id`,`iBillId`,`iBillEntityId`,`iTplId`,`iBillTplGroupId`,`cSubId`,`cFieldName`,`cName`,`cCaption`,`cShowCaption`,`iOrder`,`iMaxLength`,`iFieldType`,`bEnum`,`cEnumString`,`isDeleted`,`bMustSelect`,`bHidden`,`cRefType`,`cRefId`,`cRefRetID`,`cDataRule`,`iFunctionType`,`bSplit`,`bExtend`,`iNumPoint`,`bCanModify`,`cSourceType`,`iMaxShowLen`,`cMemo`,`iColWidth`,`cSumType`,`iAlign`,`bNeedSum`,`bShowIt`,`bFixed`,`bFilter`,`cDefaultValue`,`cFormatData`,`cUserId`,`iTabIndex`,`bIsNull`,`bPrintCaption`,`bJointQuery`,`bPrintUpCase`,`bSelfDefine`,`cDataSourceName`,`cOrder`,`bCheck`,`cControlType`,`cEnumType`,`refReturn`,`bShowInRowAuth`,`iRowAuthBillId`,`cStyle`,`cSelfDefineType`,`bVmExclude`,`bRowAuthDim`,`isExport`) values (@id108,@id4,@id9,@id14,@id22,'AA','headDefine.define47','headDefine!define47','货位自定义项47','货位自定义项47','76',null,1,null,null,0,0,1,null,null,null,null,null,0,0,null,1,null,'255',null,1,null,1,0,0,null,1,null,null,null,null,1,null,null,null,1,'aa.goodsposition.GoodsPosition',null,null,'Input',null,null,0,null,null,'goodsPositionDefine47',0,0,1);
set @id109=@id108+1;
insert into billitem_base(`id`,`iBillId`,`iBillEntityId`,`iTplId`,`iBillTplGroupId`,`cSubId`,`cFieldName`,`cName`,`cCaption`,`cShowCaption`,`iOrder`,`iMaxLength`,`iFieldType`,`bEnum`,`cEnumString`,`isDeleted`,`bMustSelect`,`bHidden`,`cRefType`,`cRefId`,`cRefRetID`,`cDataRule`,`iFunctionType`,`bSplit`,`bExtend`,`iNumPoint`,`bCanModify`,`cSourceType`,`iMaxShowLen`,`cMemo`,`iColWidth`,`cSumType`,`iAlign`,`bNeedSum`,`bShowIt`,`bFixed`,`bFilter`,`cDefaultValue`,`cFormatData`,`cUserId`,`iTabIndex`,`bIsNull`,`bPrintCaption`,`bJointQuery`,`bPrintUpCase`,`bSelfDefine`,`cDataSourceName`,`cOrder`,`bCheck`,`cControlType`,`cEnumType`,`refReturn`,`bShowInRowAuth`,`iRowAuthBillId`,`cStyle`,`cSelfDefineType`,`bVmExclude`,`bRowAuthDim`,`isExport`) values (@id109,@id4,@id9,@id14,@id22,'AA','headDefine.define48','headDefine!define48','货位自定义项48','货位自定义项48','77',null,1,null,null,0,0,1,null,null,null,null,null,0,0,null,1,null,'255',null,1,null,1,0,0,null,1,null,null,null,null,1,null,null,null,1,'aa.goodsposition.GoodsPosition',null,null,'Input',null,null,0,null,null,'goodsPositionDefine48',0,0,1);
set @id110=@id109+1;
insert into billitem_base(`id`,`iBillId`,`iBillEntityId`,`iTplId`,`iBillTplGroupId`,`cSubId`,`cFieldName`,`cName`,`cCaption`,`cShowCaption`,`iOrder`,`iMaxLength`,`iFieldType`,`bEnum`,`cEnumString`,`isDeleted`,`bMustSelect`,`bHidden`,`cRefType`,`cRefId`,`cRefRetID`,`cDataRule`,`iFunctionType`,`bSplit`,`bExtend`,`iNumPoint`,`bCanModify`,`cSourceType`,`iMaxShowLen`,`cMemo`,`iColWidth`,`cSumType`,`iAlign`,`bNeedSum`,`bShowIt`,`bFixed`,`bFilter`,`cDefaultValue`,`cFormatData`,`cUserId`,`iTabIndex`,`bIsNull`,`bPrintCaption`,`bJointQuery`,`bPrintUpCase`,`bSelfDefine`,`cDataSourceName`,`cOrder`,`bCheck`,`cControlType`,`cEnumType`,`refReturn`,`bShowInRowAuth`,`iRowAuthBillId`,`cStyle`,`cSelfDefineType`,`bVmExclude`,`bRowAuthDim`,`isExport`) values (@id110,@id4,@id9,@id14,@id22,'AA','headDefine.define49','headDefine!define49','货位自定义项49','货位自定义项49','78',null,1,null,null,0,0,1,null,null,null,null,null,0,0,null,1,null,'255',null,1,null,1,0,0,null,1,null,null,null,null,1,null,null,null,1,'aa.goodsposition.GoodsPosition',null,null,'Input',null,null,0,null,null,'goodsPositionDefine49',0,0,1);
set @id111=@id110+1;
insert into billitem_base(`id`,`iBillId`,`iBillEntityId`,`iTplId`,`iBillTplGroupId`,`cSubId`,`cFieldName`,`cName`,`cCaption`,`cShowCaption`,`iOrder`,`iMaxLength`,`iFieldType`,`bEnum`,`cEnumString`,`isDeleted`,`bMustSelect`,`bHidden`,`cRefType`,`cRefId`,`cRefRetID`,`cDataRule`,`iFunctionType`,`bSplit`,`bExtend`,`iNumPoint`,`bCanModify`,`cSourceType`,`iMaxShowLen`,`cMemo`,`iColWidth`,`cSumType`,`iAlign`,`bNeedSum`,`bShowIt`,`bFixed`,`bFilter`,`cDefaultValue`,`cFormatData`,`cUserId`,`iTabIndex`,`bIsNull`,`bPrintCaption`,`bJointQuery`,`bPrintUpCase`,`bSelfDefine`,`cDataSourceName`,`cOrder`,`bCheck`,`cControlType`,`cEnumType`,`refReturn`,`bShowInRowAuth`,`iRowAuthBillId`,`cStyle`,`cSelfDefineType`,`bVmExclude`,`bRowAuthDim`,`isExport`) values (@id111,@id4,@id9,@id14,@id22,'AA','headDefine.define50','headDefine!define50','货位自定义项50','货位自定义项50','79',null,1,null,null,0,0,1,null,null,null,null,null,0,0,null,1,null,'255',null,1,null,1,0,0,null,1,null,null,null,null,1,null,null,null,1,'aa.goodsposition.GoodsPosition',null,null,'Input',null,null,0,null,null,'goodsPositionDefine50',0,0,1);
set @id112=@id111+1;
insert into billitem_base(`id`,`iBillId`,`iBillEntityId`,`iTplId`,`iBillTplGroupId`,`cSubId`,`cFieldName`,`cName`,`cCaption`,`cShowCaption`,`iOrder`,`iMaxLength`,`iFieldType`,`bEnum`,`cEnumString`,`isDeleted`,`bMustSelect`,`bHidden`,`cRefType`,`cRefId`,`cRefRetID`,`cDataRule`,`iFunctionType`,`bSplit`,`bExtend`,`iNumPoint`,`bCanModify`,`cSourceType`,`iMaxShowLen`,`cMemo`,`iColWidth`,`cSumType`,`iAlign`,`bNeedSum`,`bShowIt`,`bFixed`,`bFilter`,`cDefaultValue`,`cFormatData`,`cUserId`,`iTabIndex`,`bIsNull`,`bPrintCaption`,`bJointQuery`,`bPrintUpCase`,`bSelfDefine`,`cDataSourceName`,`cOrder`,`bCheck`,`cControlType`,`cEnumType`,`refReturn`,`bShowInRowAuth`,`iRowAuthBillId`,`cStyle`,`cSelfDefineType`,`bVmExclude`,`bRowAuthDim`,`isExport`) values (@id112,@id4,@id9,@id14,@id22,'AA','headDefine.define51','headDefine!define51','货位自定义项51','货位自定义项51','80',null,1,null,null,0,0,1,null,null,null,null,null,0,0,null,1,null,'255',null,1,null,1,0,0,null,1,null,null,null,null,1,null,null,null,1,'aa.goodsposition.GoodsPosition',null,null,'Input',null,null,0,null,null,'goodsPositionDefine51',0,0,1);
set @id113=@id112+1;
insert into billitem_base(`id`,`iBillId`,`iBillEntityId`,`iTplId`,`iBillTplGroupId`,`cSubId`,`cFieldName`,`cName`,`cCaption`,`cShowCaption`,`iOrder`,`iMaxLength`,`iFieldType`,`bEnum`,`cEnumString`,`isDeleted`,`bMustSelect`,`bHidden`,`cRefType`,`cRefId`,`cRefRetID`,`cDataRule`,`iFunctionType`,`bSplit`,`bExtend`,`iNumPoint`,`bCanModify`,`cSourceType`,`iMaxShowLen`,`cMemo`,`iColWidth`,`cSumType`,`iAlign`,`bNeedSum`,`bShowIt`,`bFixed`,`bFilter`,`cDefaultValue`,`cFormatData`,`cUserId`,`iTabIndex`,`bIsNull`,`bPrintCaption`,`bJointQuery`,`bPrintUpCase`,`bSelfDefine`,`cDataSourceName`,`cOrder`,`bCheck`,`cControlType`,`cEnumType`,`refReturn`,`bShowInRowAuth`,`iRowAuthBillId`,`cStyle`,`cSelfDefineType`,`bVmExclude`,`bRowAuthDim`,`isExport`) values (@id113,@id4,@id9,@id14,@id22,'AA','headDefine.define52','headDefine!define52','货位自定义项52','货位自定义项52','81',null,1,null,null,0,0,1,null,null,null,null,null,0,0,null,1,null,'255',null,1,null,1,0,0,null,1,null,null,null,null,1,null,null,null,1,'aa.goodsposition.GoodsPosition',null,null,'Input',null,null,0,null,null,'goodsPositionDefine52',0,0,1);
set @id114=@id113+1;
insert into billitem_base(`id`,`iBillId`,`iBillEntityId`,`iTplId`,`iBillTplGroupId`,`cSubId`,`cFieldName`,`cName`,`cCaption`,`cShowCaption`,`iOrder`,`iMaxLength`,`iFieldType`,`bEnum`,`cEnumString`,`isDeleted`,`bMustSelect`,`bHidden`,`cRefType`,`cRefId`,`cRefRetID`,`cDataRule`,`iFunctionType`,`bSplit`,`bExtend`,`iNumPoint`,`bCanModify`,`cSourceType`,`iMaxShowLen`,`cMemo`,`iColWidth`,`cSumType`,`iAlign`,`bNeedSum`,`bShowIt`,`bFixed`,`bFilter`,`cDefaultValue`,`cFormatData`,`cUserId`,`iTabIndex`,`bIsNull`,`bPrintCaption`,`bJointQuery`,`bPrintUpCase`,`bSelfDefine`,`cDataSourceName`,`cOrder`,`bCheck`,`cControlType`,`cEnumType`,`refReturn`,`bShowInRowAuth`,`iRowAuthBillId`,`cStyle`,`cSelfDefineType`,`bVmExclude`,`bRowAuthDim`,`isExport`) values (@id114,@id4,@id9,@id14,@id22,'AA','headDefine.define53','headDefine!define53','货位自定义项53','货位自定义项53','82',null,1,null,null,0,0,1,null,null,null,null,null,0,0,null,1,null,'255',null,1,null,1,0,0,null,1,null,null,null,null,1,null,null,null,1,'aa.goodsposition.GoodsPosition',null,null,'Input',null,null,0,null,null,'goodsPositionDefine53',0,0,1);
set @id115=@id114+1;
insert into billitem_base(`id`,`iBillId`,`iBillEntityId`,`iTplId`,`iBillTplGroupId`,`cSubId`,`cFieldName`,`cName`,`cCaption`,`cShowCaption`,`iOrder`,`iMaxLength`,`iFieldType`,`bEnum`,`cEnumString`,`isDeleted`,`bMustSelect`,`bHidden`,`cRefType`,`cRefId`,`cRefRetID`,`cDataRule`,`iFunctionType`,`bSplit`,`bExtend`,`iNumPoint`,`bCanModify`,`cSourceType`,`iMaxShowLen`,`cMemo`,`iColWidth`,`cSumType`,`iAlign`,`bNeedSum`,`bShowIt`,`bFixed`,`bFilter`,`cDefaultValue`,`cFormatData`,`cUserId`,`iTabIndex`,`bIsNull`,`bPrintCaption`,`bJointQuery`,`bPrintUpCase`,`bSelfDefine`,`cDataSourceName`,`cOrder`,`bCheck`,`cControlType`,`cEnumType`,`refReturn`,`bShowInRowAuth`,`iRowAuthBillId`,`cStyle`,`cSelfDefineType`,`bVmExclude`,`bRowAuthDim`,`isExport`) values (@id115,@id4,@id9,@id14,@id22,'AA','headDefine.define54','headDefine!define54','货位自定义项54','货位自定义项54','83',null,1,null,null,0,0,1,null,null,null,null,null,0,0,null,1,null,'255',null,1,null,1,0,0,null,1,null,null,null,null,1,null,null,null,1,'aa.goodsposition.GoodsPosition',null,null,'Input',null,null,0,null,null,'goodsPositionDefine54',0,0,1);
set @id116=@id115+1;
insert into billitem_base(`id`,`iBillId`,`iBillEntityId`,`iTplId`,`iBillTplGroupId`,`cSubId`,`cFieldName`,`cName`,`cCaption`,`cShowCaption`,`iOrder`,`iMaxLength`,`iFieldType`,`bEnum`,`cEnumString`,`isDeleted`,`bMustSelect`,`bHidden`,`cRefType`,`cRefId`,`cRefRetID`,`cDataRule`,`iFunctionType`,`bSplit`,`bExtend`,`iNumPoint`,`bCanModify`,`cSourceType`,`iMaxShowLen`,`cMemo`,`iColWidth`,`cSumType`,`iAlign`,`bNeedSum`,`bShowIt`,`bFixed`,`bFilter`,`cDefaultValue`,`cFormatData`,`cUserId`,`iTabIndex`,`bIsNull`,`bPrintCaption`,`bJointQuery`,`bPrintUpCase`,`bSelfDefine`,`cDataSourceName`,`cOrder`,`bCheck`,`cControlType`,`cEnumType`,`refReturn`,`bShowInRowAuth`,`iRowAuthBillId`,`cStyle`,`cSelfDefineType`,`bVmExclude`,`bRowAuthDim`,`isExport`) values (@id116,@id4,@id9,@id14,@id22,'AA','headDefine.define55','headDefine!define55','货位自定义项55','货位自定义项55','84',null,1,null,null,0,0,1,null,null,null,null,null,0,0,null,1,null,'255',null,1,null,1,0,0,null,1,null,null,null,null,1,null,null,null,1,'aa.goodsposition.GoodsPosition',null,null,'Input',null,null,0,null,null,'goodsPositionDefine55',0,0,1);
set @id117=@id116+1;
insert into billitem_base(`id`,`iBillId`,`iBillEntityId`,`iTplId`,`iBillTplGroupId`,`cSubId`,`cFieldName`,`cName`,`cCaption`,`cShowCaption`,`iOrder`,`iMaxLength`,`iFieldType`,`bEnum`,`cEnumString`,`isDeleted`,`bMustSelect`,`bHidden`,`cRefType`,`cRefId`,`cRefRetID`,`cDataRule`,`iFunctionType`,`bSplit`,`bExtend`,`iNumPoint`,`bCanModify`,`cSourceType`,`iMaxShowLen`,`cMemo`,`iColWidth`,`cSumType`,`iAlign`,`bNeedSum`,`bShowIt`,`bFixed`,`bFilter`,`cDefaultValue`,`cFormatData`,`cUserId`,`iTabIndex`,`bIsNull`,`bPrintCaption`,`bJointQuery`,`bPrintUpCase`,`bSelfDefine`,`cDataSourceName`,`cOrder`,`bCheck`,`cControlType`,`cEnumType`,`refReturn`,`bShowInRowAuth`,`iRowAuthBillId`,`cStyle`,`cSelfDefineType`,`bVmExclude`,`bRowAuthDim`,`isExport`) values (@id117,@id4,@id9,@id14,@id22,'AA','headDefine.define56','headDefine!define56','货位自定义项56','货位自定义项56','85',null,1,null,null,0,0,1,null,null,null,null,null,0,0,null,1,null,'255',null,1,null,1,0,0,null,1,null,null,null,null,1,null,null,null,1,'aa.goodsposition.GoodsPosition',null,null,'Input',null,null,0,null,null,'goodsPositionDefine56',0,0,1);
set @id118=@id117+1;
insert into billitem_base(`id`,`iBillId`,`iBillEntityId`,`iTplId`,`iBillTplGroupId`,`cSubId`,`cFieldName`,`cName`,`cCaption`,`cShowCaption`,`iOrder`,`iMaxLength`,`iFieldType`,`bEnum`,`cEnumString`,`isDeleted`,`bMustSelect`,`bHidden`,`cRefType`,`cRefId`,`cRefRetID`,`cDataRule`,`iFunctionType`,`bSplit`,`bExtend`,`iNumPoint`,`bCanModify`,`cSourceType`,`iMaxShowLen`,`cMemo`,`iColWidth`,`cSumType`,`iAlign`,`bNeedSum`,`bShowIt`,`bFixed`,`bFilter`,`cDefaultValue`,`cFormatData`,`cUserId`,`iTabIndex`,`bIsNull`,`bPrintCaption`,`bJointQuery`,`bPrintUpCase`,`bSelfDefine`,`cDataSourceName`,`cOrder`,`bCheck`,`cControlType`,`cEnumType`,`refReturn`,`bShowInRowAuth`,`iRowAuthBillId`,`cStyle`,`cSelfDefineType`,`bVmExclude`,`bRowAuthDim`,`isExport`) values (@id118,@id4,@id9,@id14,@id22,'AA','headDefine.define57','headDefine!define57','货位自定义项57','货位自定义项57','86',null,1,null,null,0,0,1,null,null,null,null,null,0,0,null,1,null,'255',null,1,null,1,0,0,null,1,null,null,null,null,1,null,null,null,1,'aa.goodsposition.GoodsPosition',null,null,'Input',null,null,0,null,null,'goodsPositionDefine57',0,0,1);
set @id119=@id118+1;
insert into billitem_base(`id`,`iBillId`,`iBillEntityId`,`iTplId`,`iBillTplGroupId`,`cSubId`,`cFieldName`,`cName`,`cCaption`,`cShowCaption`,`iOrder`,`iMaxLength`,`iFieldType`,`bEnum`,`cEnumString`,`isDeleted`,`bMustSelect`,`bHidden`,`cRefType`,`cRefId`,`cRefRetID`,`cDataRule`,`iFunctionType`,`bSplit`,`bExtend`,`iNumPoint`,`bCanModify`,`cSourceType`,`iMaxShowLen`,`cMemo`,`iColWidth`,`cSumType`,`iAlign`,`bNeedSum`,`bShowIt`,`bFixed`,`bFilter`,`cDefaultValue`,`cFormatData`,`cUserId`,`iTabIndex`,`bIsNull`,`bPrintCaption`,`bJointQuery`,`bPrintUpCase`,`bSelfDefine`,`cDataSourceName`,`cOrder`,`bCheck`,`cControlType`,`cEnumType`,`refReturn`,`bShowInRowAuth`,`iRowAuthBillId`,`cStyle`,`cSelfDefineType`,`bVmExclude`,`bRowAuthDim`,`isExport`) values (@id119,@id4,@id9,@id14,@id22,'AA','headDefine.define58','headDefine!define58','货位自定义项58','货位自定义项58','87',null,1,null,null,0,0,1,null,null,null,null,null,0,0,null,1,null,'255',null,1,null,1,0,0,null,1,null,null,null,null,1,null,null,null,1,'aa.goodsposition.GoodsPosition',null,null,'Input',null,null,0,null,null,'goodsPositionDefine58',0,0,1);
set @id120=@id119+1;
insert into billitem_base(`id`,`iBillId`,`iBillEntityId`,`iTplId`,`iBillTplGroupId`,`cSubId`,`cFieldName`,`cName`,`cCaption`,`cShowCaption`,`iOrder`,`iMaxLength`,`iFieldType`,`bEnum`,`cEnumString`,`isDeleted`,`bMustSelect`,`bHidden`,`cRefType`,`cRefId`,`cRefRetID`,`cDataRule`,`iFunctionType`,`bSplit`,`bExtend`,`iNumPoint`,`bCanModify`,`cSourceType`,`iMaxShowLen`,`cMemo`,`iColWidth`,`cSumType`,`iAlign`,`bNeedSum`,`bShowIt`,`bFixed`,`bFilter`,`cDefaultValue`,`cFormatData`,`cUserId`,`iTabIndex`,`bIsNull`,`bPrintCaption`,`bJointQuery`,`bPrintUpCase`,`bSelfDefine`,`cDataSourceName`,`cOrder`,`bCheck`,`cControlType`,`cEnumType`,`refReturn`,`bShowInRowAuth`,`iRowAuthBillId`,`cStyle`,`cSelfDefineType`,`bVmExclude`,`bRowAuthDim`,`isExport`) values (@id120,@id4,@id9,@id14,@id22,'AA','headDefine.define59','headDefine!define59','货位自定义项59','货位自定义项59','88',null,1,null,null,0,0,1,null,null,null,null,null,0,0,null,1,null,'255',null,1,null,1,0,0,null,1,null,null,null,null,1,null,null,null,1,'aa.goodsposition.GoodsPosition',null,null,'Input',null,null,0,null,null,'goodsPositionDefine59',0,0,1);
set @id121=@id120+1;
insert into billitem_base(`id`,`iBillId`,`iBillEntityId`,`iTplId`,`iBillTplGroupId`,`cSubId`,`cFieldName`,`cName`,`cCaption`,`cShowCaption`,`iOrder`,`iMaxLength`,`iFieldType`,`bEnum`,`cEnumString`,`isDeleted`,`bMustSelect`,`bHidden`,`cRefType`,`cRefId`,`cRefRetID`,`cDataRule`,`iFunctionType`,`bSplit`,`bExtend`,`iNumPoint`,`bCanModify`,`cSourceType`,`iMaxShowLen`,`cMemo`,`iColWidth`,`cSumType`,`iAlign`,`bNeedSum`,`bShowIt`,`bFixed`,`bFilter`,`cDefaultValue`,`cFormatData`,`cUserId`,`iTabIndex`,`bIsNull`,`bPrintCaption`,`bJointQuery`,`bPrintUpCase`,`bSelfDefine`,`cDataSourceName`,`cOrder`,`bCheck`,`cControlType`,`cEnumType`,`refReturn`,`bShowInRowAuth`,`iRowAuthBillId`,`cStyle`,`cSelfDefineType`,`bVmExclude`,`bRowAuthDim`,`isExport`) values (@id121,@id4,@id9,@id14,@id22,'AA','headDefine.define60','headDefine!define60','货位自定义项60','货位自定义项60','89',null,1,null,null,0,0,1,null,null,null,null,null,0,0,null,1,null,'255',null,1,null,1,0,0,null,1,null,null,null,null,1,null,null,null,1,'aa.goodsposition.GoodsPosition',null,null,'Input',null,null,0,null,null,'goodsPositionDefine60',0,0,1);







delete from bill_toolbar where billnumber='aa_goodsposition';
delete from bill_toolbaritem where billnumber='aa_goodsposition';
delete from bill_command where billnumber='aa_goodsposition';

insert into bill_toolbar(`id`,`billnumber`,`name`,`ismain`,`parent`,`align`,`subid`,`system`,`orderNum`,`childrenField`,`tplmode`,`cStyle`) values (@id111,'aa_goodsposition','aa_goodspositiontop',1,'toolbartop','top','AA',1,0,null,0,null);
insert into bill_toolbar(`id`,`billnumber`,`name`,`ismain`,`parent`,`align`,`subid`,`system`,`orderNum`,`childrenField`,`tplmode`,`cStyle`) values (@id112,'aa_goodsposition','aa_goodspositionbottom',1,'toolbarbottom','bottom','AA',1,0,null,0,'{"classname":"btn-group-bottom"}');

insert into bill_toolbaritem(`id`,`billnumber`,`toolbar`,`name`,`command`,`type`,`style`,`text`,`parameter`,`imgsrc`,`parent`,`order`,`subid`,`system`,`authid`,`authcontrol`,`authname`,`bMerge`,`icon`) values (@id120,'aa_goodsposition','aa_goodspositiontop','btnAdd','cmdAdd','button',0,'新增',null,null,null,1,'AA',1,'aa_goodspositionadd',1,null,1,'plus');
insert into bill_toolbaritem(`id`,`billnumber`,`toolbar`,`name`,`command`,`type`,`style`,`text`,`parameter`,`imgsrc`,`parent`,`order`,`subid`,`system`,`authid`,`authcontrol`,`authname`,`bMerge`,`icon`) values (@id121,'aa_goodsposition','aa_goodspositiontop','btnfastAdd','cmdfastAdd','button',0,'快速定义',null,null,null,2,'AA',1,'aa_goodspositionadd',1,null,1,'plus');
select ifnull(max(id),0)+1 into @id166 from bill_toolbaritem;
insert into bill_toolbaritem(`id`,`billnumber`,`toolbar`,`name`,`command`,`type`,`style`,`text`,`parameter`,`imgsrc`,`parent`,`order`,`subid`,`system`,`authid`,`authcontrol`,`authname`,`bMerge`,`icon`) values (@id166,'aa_goodsposition','aa_goodspositiontop','btnDelete','cmdDelete','button',0,'删除',null,null,null,3,'AA',1,'aa_goodspositiondelete',1,null,1,'delete');
set @id167=@id166+1;
insert into bill_toolbaritem(`id`,`billnumber`,`toolbar`,`name`,`command`,`type`,`style`,`text`,`parameter`,`imgsrc`,`parent`,`order`,`subid`,`system`,`authid`,`authcontrol`,`authname`,`bMerge`,`icon`) values (@id167,'aa_goodsposition','aa_goodspositiontop','btnEdit','cmdEdit','button',0,'修改',null,null,null,4,'AA',1,'aa_goodsposition',1,null,1,'edit');
set @id168=@id167+1;
insert into bill_toolbaritem(`id`,`billnumber`,`toolbar`,`name`,`command`,`type`,`style`,`text`,`parameter`,`imgsrc`,`parent`,`order`,`subid`,`system`,`authid`,`authcontrol`,`authname`,`bMerge`,`icon`) values (@id168,'aa_goodsposition','aa_goodspositiontop','btndropdown',null,'dropdownbutton',0,'导入',null,null,null,5,'AA',1,'aa_goodspositionedit',1,null,1,null);
set @id169=@id168+1;
insert into bill_toolbaritem(`id`,`billnumber`,`toolbar`,`name`,`command`,`type`,`style`,`text`,`parameter`,`imgsrc`,`parent`,`order`,`subid`,`system`,`authid`,`authcontrol`,`authname`,`bMerge`,`icon`) values (@id169,'aa_goodsposition','aa_goodspositiontop','btnTempexport','cmdTempexport','menuitem',0,'模板下载',null,null,@id168,7,'AA',1,'aa_goodspositionedit',1,null,1,null);
set @id170=@id169+1;
insert into bill_toolbaritem(`id`,`billnumber`,`toolbar`,`name`,`command`,`type`,`style`,`text`,`parameter`,`imgsrc`,`parent`,`order`,`subid`,`system`,`authid`,`authcontrol`,`authname`,`bMerge`,`icon`) values (@id170,'aa_goodsposition','aa_goodspositiontop','btnImport','cmdImport','menuitem',0,'导入',null,null,@id168,6,'AA',1,'aa_goodspositionedit',1,null,1,null);
set @id171=@id170+1;
insert into bill_toolbaritem(`id`,`billnumber`,`toolbar`,`name`,`command`,`type`,`style`,`text`,`parameter`,`imgsrc`,`parent`,`order`,`subid`,`system`,`authid`,`authcontrol`,`authname`,`bMerge`,`icon`) values (@id171,'aa_goodsposition','aa_goodspositionbottom','btnSave','cmdSave','primarybutton',0,'保存',null,null,null,8,'AA',1,null,1,null,1,null);
set @id172=@id171+1;
insert into bill_toolbaritem(`id`,`billnumber`,`toolbar`,`name`,`command`,`type`,`style`,`text`,`parameter`,`imgsrc`,`parent`,`order`,`subid`,`system`,`authid`,`authcontrol`,`authname`,`bMerge`,`icon`) values (@id172,'aa_goodsposition','aa_goodspositionbottom','btnAbandon','cmdAbandon','button',0,'取消',null,null,null,9,'AA',1,null,1,null,1,null);

select ifnull(max(id),0)+1 into @id178 from bill_command;
insert into bill_command(`id`,`name`,`action`,`billnumber`,`target`,`ruleid`,`svcurl`,`httpmethod`,`subid`,`system`,`parameter`,`authid`) values (@id178,'cmdAdd','add','aa_goodsposition',null,null,'/bill/add','POST','AA',1,null,'aa_goodspositionadd');
set @id179=@id178+1;
insert into bill_command(`id`,`name`,`action`,`billnumber`,`target`,`ruleid`,`svcurl`,`httpmethod`,`subid`,`system`,`parameter`,`authid`) values (@id179,'cmdfastAdd','fastAddGoodsposition','aa_goodsposition',null,null,'/bill/save','POST','AA',1,null,'aa_goodspositionadd');
set @id180=@id179+1;
insert into bill_command(`id`,`name`,`action`,`billnumber`,`target`,`ruleid`,`svcurl`,`httpmethod`,`subid`,`system`,`parameter`,`authid`) values (@id180,'cmdDelete','delete','aa_goodsposition',null,null,'/bill/delete','POST','AA',1,null,'aa_goodspositiondelete');
set @id181=@id180+1;
insert into bill_command(`id`,`name`,`action`,`billnumber`,`target`,`ruleid`,`svcurl`,`httpmethod`,`subid`,`system`,`parameter`,`authid`) values (@id181,'cmdEdit','detail','aa_goodsposition',null,null,'/bill/detail','POST','AA',1,null,'aa_goodsposition');
set @id182=@id181+1;
insert into bill_command(`id`,`name`,`action`,`billnumber`,`target`,`ruleid`,`svcurl`,`httpmethod`,`subid`,`system`,`parameter`,`authid`) values (@id182,'cmdTempexport','tempexport','aa_goodsposition',null,null,'/billtemp/export','POST','AA',1,null,'aa_goodspositionedit');
set @id183=@id182+1;
insert into bill_command(`id`,`name`,`action`,`billnumber`,`target`,`ruleid`,`svcurl`,`httpmethod`,`subid`,`system`,`parameter`,`authid`) values (@id183,'cmdImport','batchimport','aa_goodsposition',null,null,'/bill/billImport','POST','AA',1,'{"isAsync":true}','aa_goodspositionedit');
set @id184=@id183+1;
insert into bill_command(`id`,`name`,`action`,`billnumber`,`target`,`ruleid`,`svcurl`,`httpmethod`,`subid`,`system`,`parameter`,`authid`) values (@id184,'cmdSave','save','aa_goodsposition',null,null,'/bill/save','POST','AA',1,null,null);
set @id185=@id184+1;
insert into bill_command(`id`,`name`,`action`,`billnumber`,`target`,`ruleid`,`svcurl`,`httpmethod`,`subid`,`system`,`parameter`,`authid`) values (@id185,'cmdAbandon','abandon','aa_goodsposition',null,null,'/bill/abandon','GET','AA',1,null,null);
set @id186=@id185+1;
insert into bill_command(`id`,`name`,`action`,`billnumber`,`target`,`ruleid`,`svcurl`,`httpmethod`,`subid`,`system`,`parameter`,`authid`) values (@id186,'cmdQueryTree','querytree','aa_goodsposition',null,null,'/bill/querytree','POST','AA',1,null,null);
set @id187=@id186+1;
insert into bill_command(`id`,`name`,`action`,`billnumber`,`target`,`ruleid`,`svcurl`,`httpmethod`,`subid`,`system`,`parameter`,`authid`) values (@id187,'cmdGetRefData','getRefData','aa_goodsposition',null,null,'/bill/getrefdata','POST','AA',1,null,null);
set @id188=@id187+1;
insert into bill_command(`id`,`name`,`action`,`billnumber`,`target`,`ruleid`,`svcurl`,`httpmethod`,`subid`,`system`,`parameter`,`authid`) values (@id188,'cmdCheck_name','check','aa_goodsposition',null,null,'/bill/check','POST','AA',1,null,null);
set @id189=@id188+1;
insert into bill_command(`id`,`name`,`action`,`billnumber`,`target`,`ruleid`,`svcurl`,`httpmethod`,`subid`,`system`,`parameter`,`authid`) values (@id189,'cmdCheck_code','check','aa_goodsposition',null,null,'/bill/check','POST','AA',1,null,null);
set @id190=@id189+1;
insert into bill_command(`id`,`name`,`action`,`billnumber`,`target`,`ruleid`,`svcurl`,`httpmethod`,`subid`,`system`,`parameter`,`authid`) values (@id190,'cmdDetail','detail','aa_goodsposition',null,null,'/bill/detail.do','GET','AA',1,null,'aa_goodsposition');

update bill_base set `iDefTplId`=@id14 where `id`=@id4;