
delete billentity_base from billentity_base inner join bill_base on billentity_base.iBillId=bill_base.id where bill_base.cBillNo='aa_goodsproductscomparisonlist' ;
delete billtemplate_base from billtemplate_base inner join bill_base on billtemplate_base.iBillId=bill_base.id where bill_base.cBillNo='aa_goodsproductscomparisonlist' ;
delete billtplgroup_base from billtplgroup_base inner join bill_base on billtplgroup_base.iBillId=bill_base.id where bill_base.cBillNo='aa_goodsproductscomparisonlist' ;
delete billitem_base from billitem_base inner JOIN bill_base on billitem_base.iBillId=bill_base.id where bill_base.cBillNo='aa_goodsproductscomparisonlist' ;
delete from pub_makebillrule_detail where makebill_id in (select makebill_id from pub_makebillrule where iBillId in (select id from bill_base where cBillNo='aa_goodsproductscomparisonlist'));
delete from pub_makebillrule where iBillId in (select id from bill_base where cBillNo='aa_goodsproductscomparisonlist');
delete from bill_base where cBillNo='aa_goodsproductscomparisonlist';

select ifnull(max(id),0)+1 into @id4 from bill_base;
insert into bill_base(`id`,`cBillNo`,`cName`,`cCardKey`,`cSubId`,`iDefTplId`,`iDefPrnTplId`,`iOrder`,`bAllowMultiTpl`,`cDefWhere`,`isDeleted`,`bPrintLimited`,`iSystem`,`cAuthId`,`cBillType`,`cBeanId`,`cFilterId`,`bRowAuthControl`,`bColumnAuthControl`,`bRowAuthObject`,`bColumnAuthControlled`,`bRowAuthControlled`,`cPersonDataSource`,`cCarry`,`authGroupKey`,`printBoPk`,`i18ndoc`) values (@id4,'aa_goodsproductscomparisonlist','货位物料对照表','aa_goodsproductscomparison_position','AA',null,null,'10',0,null,0,0,1,null,'TreeList',null,null,0,0,0,0,0,null,null,'aa_goodsproductscomparisonlist',null,1);

select ifnull(max(id),0)+1 into @id10 from billentity_base;
insert into billentity_base(`id`,`iBillId`,`cCode`,`cName`,`cSubId`,`iOrder`,`isDeleted`,`cDataSourceName`,`cPrimaryKey`,`iSystem`,`bMain`,`cForeignKey`,`cParentCode`,`childrenField`,`cModelType`,`bIsNull`,`sysid`,`tenant_id`,`isprint`,`queryJoin`,`printKey`,`isTplExport`,`label`) values (@id10,@id4,'GoodsProductsComparison_1','货位物料对照表','AA',null,0,'aa.goodsposition.GoodsProductsComparison','id',1,1,null,null,null,null,null,null,0,1,null,null,1,null);
set @id11=@id10+1;
insert into billentity_base(`id`,`iBillId`,`cCode`,`cName`,`cSubId`,`iOrder`,`isDeleted`,`cDataSourceName`,`cPrimaryKey`,`iSystem`,`bMain`,`cForeignKey`,`cParentCode`,`childrenField`,`cModelType`,`bIsNull`,`sysid`,`tenant_id`,`isprint`,`queryJoin`,`printKey`,`isTplExport`,`label`) values (@id11,@id4,'GoodsPosition_3','货位维度','AA',null,0,'aa.goodsposition.GoodsPosition','id',1,0,null,null,null,null,null,null,0,1,null,null,0,null);

select ifnull(max(id),0)+1 into @id16 from billtemplate_base;
insert into billtemplate_base(`id`,`iBillId`,`cName`,`iOrder`,`iTplMode`,`iWidth`,`isDeleted`,`cPrintSetting`,`cPageHeader`,`cPageFooter`,`cTitleHeight`,`iPrintTotal`,`iFixedCols`,`cMemo`,`cTitle`,`iGridStyle`,`cRowLayout`,`cTitleStyle`,`cTotalColor`,`cAmongColor`,`cFixedColor`,`sysid`,`tenant_id`,`templateType`) values (@id16,@id4,'货位物料对照列表','10',0,'10000',0,null,null,null,null,null,null,null,'货位物料对照',null,null,null,null,null,null,null,0,null);

select ifnull(max(id),0)+1 into @id22 from billtplgroup_base;
insert into billtplgroup_base(`id`,`iBillId`,`iBillEntityId`,`iTplId`,`cCode`,`cName`,`cSubId`,`iOrder`,`cDataSourceName`,`cPrimaryKey`,`isDeleted`,`iSystem`,`bMain`,`cForeignKey`,`cParentDataSource`,`cType`,`iParentID`,`cAlign`,`iCols`,`cStyle`,`cImage`,`sysid`,`tenant_id`,`dataRule`) values (@id22,@id4,@id10,@id16,'goodsproductscomparison_div','goodsproductscomparisondiv','AA',0,'aa.goodsposition.GoodsProductsComparison','id',0,1,1,null,null,'div',null,'left',null,null,null,null,0,null);
set @id23=@id22+1;
insert into billtplgroup_base(`id`,`iBillId`,`iBillEntityId`,`iTplId`,`cCode`,`cName`,`cSubId`,`iOrder`,`cDataSourceName`,`cPrimaryKey`,`isDeleted`,`iSystem`,`bMain`,`cForeignKey`,`cParentDataSource`,`cType`,`iParentID`,`cAlign`,`iCols`,`cStyle`,`cImage`,`sysid`,`tenant_id`,`dataRule`) values (@id23,@id4,@id10,@id16,'lookatClass','lookatClass','AA',1,'aa.goodsposition.GoodsProductsComparison','id',0,1,1,null,null,'div',@id22,'top',null,null,null,null,0,null);
set @id24=@id23+1;
insert into billtplgroup_base(`id`,`iBillId`,`iBillEntityId`,`iTplId`,`cCode`,`cName`,`cSubId`,`iOrder`,`cDataSourceName`,`cPrimaryKey`,`isDeleted`,`iSystem`,`bMain`,`cForeignKey`,`cParentDataSource`,`cType`,`iParentID`,`cAlign`,`iCols`,`cStyle`,`cImage`,`sysid`,`tenant_id`,`dataRule`) values (@id24,@id4,@id10,@id16,'MenuBody','MenuBody','AA',2,'aa.goodsposition.GoodsProductsComparison','id',0,1,1,null,null,'div',null,'right',null,null,null,null,0,null);
set @id25=@id24+1;
insert into billtplgroup_base(`id`,`iBillId`,`iBillEntityId`,`iTplId`,`cCode`,`cName`,`cSubId`,`iOrder`,`cDataSourceName`,`cPrimaryKey`,`isDeleted`,`iSystem`,`bMain`,`cForeignKey`,`cParentDataSource`,`cType`,`iParentID`,`cAlign`,`iCols`,`cStyle`,`cImage`,`sysid`,`tenant_id`,`dataRule`) values (@id25,@id4,@id10,@id16,'ConvenientQuery_2','ConvenientQuery','AA',2,'aa.goodsposition.GoodsProductsComparison','id',0,1,1,null,null,'ConvenientQuery',null,'top',null,null,null,null,0,null);
set @id26=@id25+1;
insert into billtplgroup_base(`id`,`iBillId`,`iBillEntityId`,`iTplId`,`cCode`,`cName`,`cSubId`,`iOrder`,`cDataSourceName`,`cPrimaryKey`,`isDeleted`,`iSystem`,`bMain`,`cForeignKey`,`cParentDataSource`,`cType`,`iParentID`,`cAlign`,`iCols`,`cStyle`,`cImage`,`sysid`,`tenant_id`,`dataRule`) values (@id26,@id4,@id10,@id16,'ListHeader','ListHeader','AA',4,'aa.goodsposition.GoodsProductsComparison','id',0,1,1,null,null,'ListHeader',@id24,'right',null,null,null,null,0,null);
set @id27=@id26+1;
insert into billtplgroup_base(`id`,`iBillId`,`iBillEntityId`,`iTplId`,`cCode`,`cName`,`cSubId`,`iOrder`,`cDataSourceName`,`cPrimaryKey`,`isDeleted`,`iSystem`,`bMain`,`cForeignKey`,`cParentDataSource`,`cType`,`iParentID`,`cAlign`,`iCols`,`cStyle`,`cImage`,`sysid`,`tenant_id`,`dataRule`) values (@id27,@id4,@id10,@id16,'Table_3','Table','AA',5,'aa.goodsposition.GoodsProductsComparison','id',0,1,1,null,null,'Table',@id24,'right',null,null,null,null,0,null);
set @id28=@id27+1;
insert into billtplgroup_base(`id`,`iBillId`,`iBillEntityId`,`iTplId`,`cCode`,`cName`,`cSubId`,`iOrder`,`cDataSourceName`,`cPrimaryKey`,`isDeleted`,`iSystem`,`bMain`,`cForeignKey`,`cParentDataSource`,`cType`,`iParentID`,`cAlign`,`iCols`,`cStyle`,`cImage`,`sysid`,`tenant_id`,`dataRule`) values (@id28,@id4,@id11,@id16,'Tree_1','Tree_1','AA',3,'aa.goodsposition.GoodsPosition','id',0,1,1,null,null,'SearchTree',@id22,'top',null,'{"filters":["name","code"],"placeholder":"货位名称/编码"}',null,null,0,null);

select ifnull(max(id),0)+1 into @id33 from billitem_base;
insert into billitem_base(`id`,`iBillId`,`iBillEntityId`,`iTplId`,`iBillTplGroupId`,`cSubId`,`cFieldName`,`cName`,`cCaption`,`cShowCaption`,`iOrder`,`iMaxLength`,`iFieldType`,`bEnum`,`cEnumString`,`isDeleted`,`bMustSelect`,`bHidden`,`cRefType`,`cRefId`,`cRefRetID`,`cDataRule`,`iFunctionType`,`bSplit`,`bExtend`,`iNumPoint`,`bCanModify`,`cSourceType`,`iMaxShowLen`,`cMemo`,`iColWidth`,`cSumType`,`iAlign`,`bNeedSum`,`bShowIt`,`bFixed`,`bFilter`,`cDefaultValue`,`cFormatData`,`cUserId`,`iTabIndex`,`bIsNull`,`bPrintCaption`,`bJointQuery`,`bPrintUpCase`,`bSelfDefine`,`cDataSourceName`,`cOrder`,`bCheck`,`cControlType`,`cEnumType`,`refReturn`,`bShowInRowAuth`,`iRowAuthBillId`,`cStyle`,`cSelfDefineType`,`bVmExclude`,`bRowAuthDim`,`isMasterOrg`,`sysid`,`tenant_id`,`isprint`,`isExport`) values (@id33,@id4,@id11,@id16,@id28,'AA','id','id','货位id','货位id','11','11',1,null,null,0,0,1,null,null,null,null,null,null,null,null,1,null,null,null,'100',null,null,null,1,null,1,null,null,null,0,1,null,null,null,null,'aa.goodsposition.GoodsPosition',null,null,'Input',null,null,0,null,null,null,0,0,null,null,0,1,1);
set @id34=@id33+1;
insert into billitem_base(`id`,`iBillId`,`iBillEntityId`,`iTplId`,`iBillTplGroupId`,`cSubId`,`cFieldName`,`cName`,`cCaption`,`cShowCaption`,`iOrder`,`iMaxLength`,`iFieldType`,`bEnum`,`cEnumString`,`isDeleted`,`bMustSelect`,`bHidden`,`cRefType`,`cRefId`,`cRefRetID`,`cDataRule`,`iFunctionType`,`bSplit`,`bExtend`,`iNumPoint`,`bCanModify`,`cSourceType`,`iMaxShowLen`,`cMemo`,`iColWidth`,`cSumType`,`iAlign`,`bNeedSum`,`bShowIt`,`bFixed`,`bFilter`,`cDefaultValue`,`cFormatData`,`cUserId`,`iTabIndex`,`bIsNull`,`bPrintCaption`,`bJointQuery`,`bPrintUpCase`,`bSelfDefine`,`cDataSourceName`,`cOrder`,`bCheck`,`cControlType`,`cEnumType`,`refReturn`,`bShowInRowAuth`,`iRowAuthBillId`,`cStyle`,`cSelfDefineType`,`bVmExclude`,`bRowAuthDim`,`isMasterOrg`,`sysid`,`tenant_id`,`isprint`,`isExport`) values (@id34,@id4,@id11,@id16,@id28,'AA','name','name','货位名称','货位名称','13','20',1,null,null,0,0,0,null,null,null,null,null,null,null,null,1,null,null,null,'100',null,null,null,1,null,1,null,null,null,1,1,null,null,null,null,'aa.goodsposition.GoodsPosition',null,null,'Input',null,null,0,null,null,null,0,0,null,null,0,1,1);
set @id35=@id34+1;
insert into billitem_base(`id`,`iBillId`,`iBillEntityId`,`iTplId`,`iBillTplGroupId`,`cSubId`,`cFieldName`,`cName`,`cCaption`,`cShowCaption`,`iOrder`,`iMaxLength`,`iFieldType`,`bEnum`,`cEnumString`,`isDeleted`,`bMustSelect`,`bHidden`,`cRefType`,`cRefId`,`cRefRetID`,`cDataRule`,`iFunctionType`,`bSplit`,`bExtend`,`iNumPoint`,`bCanModify`,`cSourceType`,`iMaxShowLen`,`cMemo`,`iColWidth`,`cSumType`,`iAlign`,`bNeedSum`,`bShowIt`,`bFixed`,`bFilter`,`cDefaultValue`,`cFormatData`,`cUserId`,`iTabIndex`,`bIsNull`,`bPrintCaption`,`bJointQuery`,`bPrintUpCase`,`bSelfDefine`,`cDataSourceName`,`cOrder`,`bCheck`,`cControlType`,`cEnumType`,`refReturn`,`bShowInRowAuth`,`iRowAuthBillId`,`cStyle`,`cSelfDefineType`,`bVmExclude`,`bRowAuthDim`,`isMasterOrg`,`sysid`,`tenant_id`,`isprint`,`isExport`) values (@id35,@id4,@id11,@id16,@id28,'AA','code','code','货位编码','货位编码','12','11',1,null,null,0,0,1,null,null,null,null,null,null,null,null,1,null,null,null,'100',null,null,null,1,null,1,null,null,null,0,1,null,null,null,null,'aa.goodsposition.GoodsPosition',null,null,'Input',null,null,0,null,null,null,0,0,null,null,0,1,1);
set @id36=@id35+1;
insert into billitem_base(`id`,`iBillId`,`iBillEntityId`,`iTplId`,`iBillTplGroupId`,`cSubId`,`cFieldName`,`cName`,`cCaption`,`cShowCaption`,`iOrder`,`iMaxLength`,`iFieldType`,`bEnum`,`cEnumString`,`isDeleted`,`bMustSelect`,`bHidden`,`cRefType`,`cRefId`,`cRefRetID`,`cDataRule`,`iFunctionType`,`bSplit`,`bExtend`,`iNumPoint`,`bCanModify`,`cSourceType`,`iMaxShowLen`,`cMemo`,`iColWidth`,`cSumType`,`iAlign`,`bNeedSum`,`bShowIt`,`bFixed`,`bFilter`,`cDefaultValue`,`cFormatData`,`cUserId`,`iTabIndex`,`bIsNull`,`bPrintCaption`,`bJointQuery`,`bPrintUpCase`,`bSelfDefine`,`cDataSourceName`,`cOrder`,`bCheck`,`cControlType`,`cEnumType`,`refReturn`,`bShowInRowAuth`,`iRowAuthBillId`,`cStyle`,`cSelfDefineType`,`bVmExclude`,`bRowAuthDim`,`isMasterOrg`,`sysid`,`tenant_id`,`isprint`,`isExport`) values (@id36,@id4,@id11,@id16,@id28,'AA','warehouseId','warehouseId','仓库id','仓库id','12','11',1,null,null,0,0,1,null,null,null,null,null,null,null,null,1,null,null,null,'100',null,null,null,1,null,1,null,null,null,0,1,null,null,null,null,'aa.goodsposition.GoodsPosition',null,null,'Input',null,null,0,null,null,null,0,0,null,null,0,1,1);
set @id37=@id36+1;
insert into billitem_base(`id`,`iBillId`,`iBillEntityId`,`iTplId`,`iBillTplGroupId`,`cSubId`,`cFieldName`,`cName`,`cCaption`,`cShowCaption`,`iOrder`,`iMaxLength`,`iFieldType`,`bEnum`,`cEnumString`,`isDeleted`,`bMustSelect`,`bHidden`,`cRefType`,`cRefId`,`cRefRetID`,`cDataRule`,`iFunctionType`,`bSplit`,`bExtend`,`iNumPoint`,`bCanModify`,`cSourceType`,`iMaxShowLen`,`cMemo`,`iColWidth`,`cSumType`,`iAlign`,`bNeedSum`,`bShowIt`,`bFixed`,`bFilter`,`cDefaultValue`,`cFormatData`,`cUserId`,`iTabIndex`,`bIsNull`,`bPrintCaption`,`bJointQuery`,`bPrintUpCase`,`bSelfDefine`,`cDataSourceName`,`cOrder`,`bCheck`,`cControlType`,`cEnumType`,`refReturn`,`bShowInRowAuth`,`iRowAuthBillId`,`cStyle`,`cSelfDefineType`,`bVmExclude`,`bRowAuthDim`,`isMasterOrg`,`sysid`,`tenant_id`,`isprint`,`isExport`) values (@id37,@id4,@id11,@id16,@id28,'AA','warehouseId.name','warehouseId_name','仓库名称','仓库名称','13','20',1,null,null,0,0,1,null,null,null,null,null,null,null,null,1,null,null,null,'100',null,null,null,1,null,1,null,null,null,1,1,null,null,null,null,'aa.goodsposition.GoodsPosition',null,null,'Input',null,null,0,null,null,null,0,0,null,null,0,1,1);
set @id38=@id37+1;
insert into billitem_base(`id`,`iBillId`,`iBillEntityId`,`iTplId`,`iBillTplGroupId`,`cSubId`,`cFieldName`,`cName`,`cCaption`,`cShowCaption`,`iOrder`,`iMaxLength`,`iFieldType`,`bEnum`,`cEnumString`,`isDeleted`,`bMustSelect`,`bHidden`,`cRefType`,`cRefId`,`cRefRetID`,`cDataRule`,`iFunctionType`,`bSplit`,`bExtend`,`iNumPoint`,`bCanModify`,`cSourceType`,`iMaxShowLen`,`cMemo`,`iColWidth`,`cSumType`,`iAlign`,`bNeedSum`,`bShowIt`,`bFixed`,`bFilter`,`cDefaultValue`,`cFormatData`,`cUserId`,`iTabIndex`,`bIsNull`,`bPrintCaption`,`bJointQuery`,`bPrintUpCase`,`bSelfDefine`,`cDataSourceName`,`cOrder`,`bCheck`,`cControlType`,`cEnumType`,`refReturn`,`bShowInRowAuth`,`iRowAuthBillId`,`cStyle`,`cSelfDefineType`,`bVmExclude`,`bRowAuthDim`,`isMasterOrg`,`sysid`,`tenant_id`,`isprint`,`isExport`) values (@id38,@id4,@id11,@id16,@id28,'AA','pubts','pubts','时间戳','时间戳','15',null,1,null,null,0,1,1,null,null,null,null,null,null,null,null,0,null,null,null,1,null,null,null,1,null,1,null,null,null,8,1,null,null,null,null,'aa.goodsposition.GoodsPosition',null,null,'datepicker',null,null,0,null,null,null,0,0,null,null,0,1,1);
set @id39=@id38+1;
insert into billitem_base(`id`,`iBillId`,`iBillEntityId`,`iTplId`,`iBillTplGroupId`,`cSubId`,`cFieldName`,`cName`,`cCaption`,`cShowCaption`,`iOrder`,`iMaxLength`,`iFieldType`,`bEnum`,`cEnumString`,`isDeleted`,`bMustSelect`,`bHidden`,`cRefType`,`cRefId`,`cRefRetID`,`cDataRule`,`iFunctionType`,`bSplit`,`bExtend`,`iNumPoint`,`bCanModify`,`cSourceType`,`iMaxShowLen`,`cMemo`,`iColWidth`,`cSumType`,`iAlign`,`bNeedSum`,`bShowIt`,`bFixed`,`bFilter`,`cDefaultValue`,`cFormatData`,`cUserId`,`iTabIndex`,`bIsNull`,`bPrintCaption`,`bJointQuery`,`bPrintUpCase`,`bSelfDefine`,`cDataSourceName`,`cOrder`,`bCheck`,`cControlType`,`cEnumType`,`refReturn`,`bShowInRowAuth`,`iRowAuthBillId`,`cStyle`,`cSelfDefineType`,`bVmExclude`,`bRowAuthDim`,`isMasterOrg`,`sysid`,`tenant_id`,`isprint`,`isExport`) values (@id39,@id4,@id11,@id16,@id28,'AA','isEnd','isEnd','是否末级','是否末级','16',null,1,null,null,0,1,1,null,null,null,null,null,null,null,null,0,null,null,null,1,null,null,null,1,null,1,null,null,null,8,1,null,null,null,null,'aa.goodsposition.GoodsPosition',null,null,'Input',null,null,0,null,null,null,0,0,null,null,0,1,1);
set @id40=@id39+1;
insert into billitem_base(`id`,`iBillId`,`iBillEntityId`,`iTplId`,`iBillTplGroupId`,`cSubId`,`cFieldName`,`cName`,`cCaption`,`cShowCaption`,`iOrder`,`iMaxLength`,`iFieldType`,`bEnum`,`cEnumString`,`isDeleted`,`bMustSelect`,`bHidden`,`cRefType`,`cRefId`,`cRefRetID`,`cDataRule`,`iFunctionType`,`bSplit`,`bExtend`,`iNumPoint`,`bCanModify`,`cSourceType`,`iMaxShowLen`,`cMemo`,`iColWidth`,`cSumType`,`iAlign`,`bNeedSum`,`bShowIt`,`bFixed`,`bFilter`,`cDefaultValue`,`cFormatData`,`cUserId`,`iTabIndex`,`bIsNull`,`bPrintCaption`,`bJointQuery`,`bPrintUpCase`,`bSelfDefine`,`cDataSourceName`,`cOrder`,`bCheck`,`cControlType`,`cEnumType`,`refReturn`,`bShowInRowAuth`,`iRowAuthBillId`,`cStyle`,`cSelfDefineType`,`bVmExclude`,`bRowAuthDim`,`isMasterOrg`,`sysid`,`tenant_id`,`isprint`,`isExport`) values (@id40,@id4,@id10,@id16,@id27,'AA','positionId','positionId','货位id','货位id',1,'255',1,0,null,0,1,1,null,null,null,null,null,0,0,null,1,null,'255',null,'100',null,1,0,0,null,1,null,null,null,1,1,1,0,0,0,'aa.goodsposition.GoodsProductsComparison','desc',null,'Input',null,null,0,null,null,null,0,0,null,null,0,1,0);
set @id41=@id40+1;
insert into billitem_base(`id`,`iBillId`,`iBillEntityId`,`iTplId`,`iBillTplGroupId`,`cSubId`,`cFieldName`,`cName`,`cCaption`,`cShowCaption`,`iOrder`,`iMaxLength`,`iFieldType`,`bEnum`,`cEnumString`,`isDeleted`,`bMustSelect`,`bHidden`,`cRefType`,`cRefId`,`cRefRetID`,`cDataRule`,`iFunctionType`,`bSplit`,`bExtend`,`iNumPoint`,`bCanModify`,`cSourceType`,`iMaxShowLen`,`cMemo`,`iColWidth`,`cSumType`,`iAlign`,`bNeedSum`,`bShowIt`,`bFixed`,`bFilter`,`cDefaultValue`,`cFormatData`,`cUserId`,`iTabIndex`,`bIsNull`,`bPrintCaption`,`bJointQuery`,`bPrintUpCase`,`bSelfDefine`,`cDataSourceName`,`cOrder`,`bCheck`,`cControlType`,`cEnumType`,`refReturn`,`bShowInRowAuth`,`iRowAuthBillId`,`cStyle`,`cSelfDefineType`,`bVmExclude`,`bRowAuthDim`,`isMasterOrg`,`sysid`,`tenant_id`,`isprint`,`isExport`) values (@id41,@id4,@id10,@id16,@id27,'AA','positionId.name','positionId_name','货位名称','货位名称',2,'255',1,0,null,0,0,0,'aa_goodspositionref',null,'{"positionId":"id","positionId_name":"name","positionId_code":"code"}',null,null,0,0,null,1,null,'255',null,'100',null,1,0,1,null,1,null,null,null,2,1,1,0,0,0,'aa.goodsposition.GoodsProductsComparison',null,null,'Input',null,'name',0,null,null,null,0,0,null,null,0,1,1);
set @id42=@id41+1;
insert into billitem_base(`id`,`iBillId`,`iBillEntityId`,`iTplId`,`iBillTplGroupId`,`cSubId`,`cFieldName`,`cName`,`cCaption`,`cShowCaption`,`iOrder`,`iMaxLength`,`iFieldType`,`bEnum`,`cEnumString`,`isDeleted`,`bMustSelect`,`bHidden`,`cRefType`,`cRefId`,`cRefRetID`,`cDataRule`,`iFunctionType`,`bSplit`,`bExtend`,`iNumPoint`,`bCanModify`,`cSourceType`,`iMaxShowLen`,`cMemo`,`iColWidth`,`cSumType`,`iAlign`,`bNeedSum`,`bShowIt`,`bFixed`,`bFilter`,`cDefaultValue`,`cFormatData`,`cUserId`,`iTabIndex`,`bIsNull`,`bPrintCaption`,`bJointQuery`,`bPrintUpCase`,`bSelfDefine`,`cDataSourceName`,`cOrder`,`bCheck`,`cControlType`,`cEnumType`,`refReturn`,`bShowInRowAuth`,`iRowAuthBillId`,`cStyle`,`cSelfDefineType`,`bVmExclude`,`bRowAuthDim`,`isMasterOrg`,`sysid`,`tenant_id`,`isprint`,`isExport`) values (@id42,@id4,@id10,@id16,@id27,'AA','positionId.code','positionId_code','货位编码','货位编码',3,'255',1,0,null,0,0,0,null,null,null,null,null,0,0,null,0,null,'255',null,'150',null,1,0,1,null,1,null,null,null,'10',1,1,0,0,0,'aa.goodsposition.GoodsProductsComparison',null,null,'Input',null,null,0,null,null,null,0,0,null,null,0,1,1);
set @id43=@id42+1;
insert into billitem_base(`id`,`iBillId`,`iBillEntityId`,`iTplId`,`iBillTplGroupId`,`cSubId`,`cFieldName`,`cName`,`cCaption`,`cShowCaption`,`iOrder`,`iMaxLength`,`iFieldType`,`bEnum`,`cEnumString`,`isDeleted`,`bMustSelect`,`bHidden`,`cRefType`,`cRefId`,`cRefRetID`,`cDataRule`,`iFunctionType`,`bSplit`,`bExtend`,`iNumPoint`,`bCanModify`,`cSourceType`,`iMaxShowLen`,`cMemo`,`iColWidth`,`cSumType`,`iAlign`,`bNeedSum`,`bShowIt`,`bFixed`,`bFilter`,`cDefaultValue`,`cFormatData`,`cUserId`,`iTabIndex`,`bIsNull`,`bPrintCaption`,`bJointQuery`,`bPrintUpCase`,`bSelfDefine`,`cDataSourceName`,`cOrder`,`bCheck`,`cControlType`,`cEnumType`,`refReturn`,`bShowInRowAuth`,`iRowAuthBillId`,`cStyle`,`cSelfDefineType`,`bVmExclude`,`bRowAuthDim`,`isMasterOrg`,`sysid`,`tenant_id`,`isprint`,`isExport`) values (@id43,@id4,@id10,@id16,@id27,'AA','positionId.warehouseId.name','warehouseId_name','所属仓库','所属仓库',9,'255',1,0,null,0,0,0,null,null,null,null,null,0,0,null,1,null,'255',null,'100',null,1,0,0,null,1,null,null,null,null,1,1,0,null,0,'aa.goodsposition.GoodsProductsComparison',null,null,'Refer',null,'name',0,null,null,null,0,0,null,null,0,1,1);
set @id44=@id43+1;
insert into billitem_base(`id`,`iBillId`,`iBillEntityId`,`iTplId`,`iBillTplGroupId`,`cSubId`,`cFieldName`,`cName`,`cCaption`,`cShowCaption`,`iOrder`,`iMaxLength`,`iFieldType`,`bEnum`,`cEnumString`,`isDeleted`,`bMustSelect`,`bHidden`,`cRefType`,`cRefId`,`cRefRetID`,`cDataRule`,`iFunctionType`,`bSplit`,`bExtend`,`iNumPoint`,`bCanModify`,`cSourceType`,`iMaxShowLen`,`cMemo`,`iColWidth`,`cSumType`,`iAlign`,`bNeedSum`,`bShowIt`,`bFixed`,`bFilter`,`cDefaultValue`,`cFormatData`,`cUserId`,`iTabIndex`,`bIsNull`,`bPrintCaption`,`bJointQuery`,`bPrintUpCase`,`bSelfDefine`,`cDataSourceName`,`cOrder`,`bCheck`,`cControlType`,`cEnumType`,`refReturn`,`bShowInRowAuth`,`iRowAuthBillId`,`cStyle`,`cSelfDefineType`,`bVmExclude`,`bRowAuthDim`,`isMasterOrg`,`sysid`,`tenant_id`,`isprint`,`isExport`) values (@id44,@id4,@id10,@id16,@id27,'AA','productId','productId','物料id','物料id',4,'255',1,0,null,0,0,1,null,null,null,null,null,0,0,null,1,null,'255',null,'100',null,1,0,0,null,1,null,null,null,3,1,1,0,null,0,'aa.goodsposition.GoodsProductsComparison',null,null,'Input',null,null,0,null,null,null,0,0,null,null,0,1,0);
set @id45=@id44+1;
insert into billitem_base(`id`,`iBillId`,`iBillEntityId`,`iTplId`,`iBillTplGroupId`,`cSubId`,`cFieldName`,`cName`,`cCaption`,`cShowCaption`,`iOrder`,`iMaxLength`,`iFieldType`,`bEnum`,`cEnumString`,`isDeleted`,`bMustSelect`,`bHidden`,`cRefType`,`cRefId`,`cRefRetID`,`cDataRule`,`iFunctionType`,`bSplit`,`bExtend`,`iNumPoint`,`bCanModify`,`cSourceType`,`iMaxShowLen`,`cMemo`,`iColWidth`,`cSumType`,`iAlign`,`bNeedSum`,`bShowIt`,`bFixed`,`bFilter`,`cDefaultValue`,`cFormatData`,`cUserId`,`iTabIndex`,`bIsNull`,`bPrintCaption`,`bJointQuery`,`bPrintUpCase`,`bSelfDefine`,`cDataSourceName`,`cOrder`,`bCheck`,`cControlType`,`cEnumType`,`refReturn`,`bShowInRowAuth`,`iRowAuthBillId`,`cStyle`,`cSelfDefineType`,`bVmExclude`,`bRowAuthDim`,`isMasterOrg`,`sysid`,`tenant_id`,`isprint`,`isExport`) values (@id45,@id4,@id10,@id16,@id27,'AA','productId.code','productId_code','物料编码','物料编码',5,'255',1,0,null,0,0,0,'pc_nomalproductref',null,'{"productId":"id","productId_code":"code","productId_name":"name"}',null,null,0,0,null,1,null,'255',null,'100',null,1,0,1,null,1,null,null,null,5,1,1,0,null,0,'aa.goodsposition.GoodsProductsComparison',null,null,'Refer',null,'code',0,null,null,null,0,0,null,null,0,1,1);
set @id46=@id45+1;
insert into billitem_base(`id`,`iBillId`,`iBillEntityId`,`iTplId`,`iBillTplGroupId`,`cSubId`,`cFieldName`,`cName`,`cCaption`,`cShowCaption`,`iOrder`,`iMaxLength`,`iFieldType`,`bEnum`,`cEnumString`,`isDeleted`,`bMustSelect`,`bHidden`,`cRefType`,`cRefId`,`cRefRetID`,`cDataRule`,`iFunctionType`,`bSplit`,`bExtend`,`iNumPoint`,`bCanModify`,`cSourceType`,`iMaxShowLen`,`cMemo`,`iColWidth`,`cSumType`,`iAlign`,`bNeedSum`,`bShowIt`,`bFixed`,`bFilter`,`cDefaultValue`,`cFormatData`,`cUserId`,`iTabIndex`,`bIsNull`,`bPrintCaption`,`bJointQuery`,`bPrintUpCase`,`bSelfDefine`,`cDataSourceName`,`cOrder`,`bCheck`,`cControlType`,`cEnumType`,`refReturn`,`bShowInRowAuth`,`iRowAuthBillId`,`cStyle`,`cSelfDefineType`,`bVmExclude`,`bRowAuthDim`,`isMasterOrg`,`sysid`,`tenant_id`,`isprint`,`isExport`) values (@id46,@id4,@id10,@id16,@id27,'AA','productId.name','productId_name','物料名称','物料名称',6,'255',1,0,null,0,0,0,null,null,null,null,null,0,0,null,1,null,'255',null,'100',null,1,0,1,null,1,null,null,null,4,1,1,0,null,0,'aa.goodsposition.GoodsProductsComparison',null,null,'Input',null,null,0,null,null,null,0,0,null,null,0,1,1);
set @id47=@id46+1;
insert into billitem_base(`id`,`iBillId`,`iBillEntityId`,`iTplId`,`iBillTplGroupId`,`cSubId`,`cFieldName`,`cName`,`cCaption`,`cShowCaption`,`iOrder`,`iMaxLength`,`iFieldType`,`bEnum`,`cEnumString`,`isDeleted`,`bMustSelect`,`bHidden`,`cRefType`,`cRefId`,`cRefRetID`,`cDataRule`,`iFunctionType`,`bSplit`,`bExtend`,`iNumPoint`,`bCanModify`,`cSourceType`,`iMaxShowLen`,`cMemo`,`iColWidth`,`cSumType`,`iAlign`,`bNeedSum`,`bShowIt`,`bFixed`,`bFilter`,`cDefaultValue`,`cFormatData`,`cUserId`,`iTabIndex`,`bIsNull`,`bPrintCaption`,`bJointQuery`,`bPrintUpCase`,`bSelfDefine`,`cDataSourceName`,`cOrder`,`bCheck`,`cControlType`,`cEnumType`,`refReturn`,`bShowInRowAuth`,`iRowAuthBillId`,`cStyle`,`cSelfDefineType`,`bVmExclude`,`bRowAuthDim`,`isMasterOrg`,`sysid`,`tenant_id`,`isprint`,`isExport`) values (@id47,@id4,@id10,@id16,@id27,'AA','productId.manageClass.name','manageClass_name','物料分类','物料分类',7,'255',1,1,null,0,0,0,null,null,null,null,null,null,null,null,null,null,'255',null,'100',null,1,null,1,null,1,null,null,null,null,1,null,null,null,null,'aa.goodsposition.GoodsProductsComparison',null,null,'Refer',null,null,0,null,null,null,0,0,null,null,0,1,1);
set @id48=@id47+1;
insert into billitem_base(`id`,`iBillId`,`iBillEntityId`,`iTplId`,`iBillTplGroupId`,`cSubId`,`cFieldName`,`cName`,`cCaption`,`cShowCaption`,`iOrder`,`iMaxLength`,`iFieldType`,`bEnum`,`cEnumString`,`isDeleted`,`bMustSelect`,`bHidden`,`cRefType`,`cRefId`,`cRefRetID`,`cDataRule`,`iFunctionType`,`bSplit`,`bExtend`,`iNumPoint`,`bCanModify`,`cSourceType`,`iMaxShowLen`,`cMemo`,`iColWidth`,`cSumType`,`iAlign`,`bNeedSum`,`bShowIt`,`bFixed`,`bFilter`,`cDefaultValue`,`cFormatData`,`cUserId`,`iTabIndex`,`bIsNull`,`bPrintCaption`,`bJointQuery`,`bPrintUpCase`,`bSelfDefine`,`cDataSourceName`,`cOrder`,`bCheck`,`cControlType`,`cEnumType`,`refReturn`,`bShowInRowAuth`,`iRowAuthBillId`,`cStyle`,`cSelfDefineType`,`bVmExclude`,`bRowAuthDim`,`isMasterOrg`,`sysid`,`tenant_id`,`isprint`,`isExport`) values (@id48,@id4,@id10,@id16,@id27,'AA','productId.unit.name','unit_name','物料主计量单位','主计量单位',8,'255',1,null,null,0,0,0,null,null,null,null,null,null,null,null,null,null,'255',null,'100',null,1,null,1,null,1,null,null,null,null,1,null,null,null,null,'aa.goodsposition.GoodsProductsComparison',null,null,'Refer',null,null,0,null,null,null,0,0,null,null,0,1,1);
set @id49=@id48+1;
insert into billitem_base(`id`,`iBillId`,`iBillEntityId`,`iTplId`,`iBillTplGroupId`,`cSubId`,`cFieldName`,`cName`,`cCaption`,`cShowCaption`,`iOrder`,`iMaxLength`,`iFieldType`,`bEnum`,`cEnumString`,`isDeleted`,`bMustSelect`,`bHidden`,`cRefType`,`cRefId`,`cRefRetID`,`cDataRule`,`iFunctionType`,`bSplit`,`bExtend`,`iNumPoint`,`bCanModify`,`cSourceType`,`iMaxShowLen`,`cMemo`,`iColWidth`,`cSumType`,`iAlign`,`bNeedSum`,`bShowIt`,`bFixed`,`bFilter`,`cDefaultValue`,`cFormatData`,`cUserId`,`iTabIndex`,`bIsNull`,`bPrintCaption`,`bJointQuery`,`bPrintUpCase`,`bSelfDefine`,`cDataSourceName`,`cOrder`,`bCheck`,`cControlType`,`cEnumType`,`refReturn`,`bShowInRowAuth`,`iRowAuthBillId`,`cStyle`,`cSelfDefineType`,`bVmExclude`,`bRowAuthDim`,`isMasterOrg`,`sysid`,`tenant_id`,`isprint`,`isExport`) values (@id49,@id4,@id10,@id16,@id27,'AA','productId.model','productId_model','物料规格型号','规格型号',9,'255',1,null,null,0,0,0,null,null,null,null,null,null,null,null,null,null,'255',null,'100',null,1,null,1,null,1,null,null,null,null,1,null,null,null,null,'aa.goodsposition.GoodsProductsComparison',null,null,'Refer',null,null,0,null,null,null,0,0,null,null,0,1,1);
set @id50=@id49+1;
insert into billitem_base(`id`,`iBillId`,`iBillEntityId`,`iTplId`,`iBillTplGroupId`,`cSubId`,`cFieldName`,`cName`,`cCaption`,`cShowCaption`,`iOrder`,`iMaxLength`,`iFieldType`,`bEnum`,`cEnumString`,`isDeleted`,`bMustSelect`,`bHidden`,`cRefType`,`cRefId`,`cRefRetID`,`cDataRule`,`iFunctionType`,`bSplit`,`bExtend`,`iNumPoint`,`bCanModify`,`cSourceType`,`iMaxShowLen`,`cMemo`,`iColWidth`,`cSumType`,`iAlign`,`bNeedSum`,`bShowIt`,`bFixed`,`bFilter`,`cDefaultValue`,`cFormatData`,`cUserId`,`iTabIndex`,`bIsNull`,`bPrintCaption`,`bJointQuery`,`bPrintUpCase`,`bSelfDefine`,`cDataSourceName`,`cOrder`,`bCheck`,`cControlType`,`cEnumType`,`refReturn`,`bShowInRowAuth`,`iRowAuthBillId`,`cStyle`,`cSelfDefineType`,`bVmExclude`,`bRowAuthDim`,`isMasterOrg`,`sysid`,`tenant_id`,`isprint`,`isExport`) values (@id50,@id4,@id10,@id16,@id27,'AA','productId.detail.mnemonicCode','mnemonicCode','助记码','助记码','20','11',1,null,null,0,0,0,null,null,null,null,null,null,null,null,1,null,'255',null,'100',null,null,null,1,null,1,null,null,null,0,1,null,null,null,null,'aa.goodsposition.GoodsProductsComparison',null,null,'Input',null,null,0,null,null,null,0,0,null,null,0,1,1);
set @id51=@id50+1;
insert into billitem_base(`id`,`iBillId`,`iBillEntityId`,`iTplId`,`iBillTplGroupId`,`cSubId`,`cFieldName`,`cName`,`cCaption`,`cShowCaption`,`iOrder`,`iMaxLength`,`iFieldType`,`bEnum`,`cEnumString`,`isDeleted`,`bMustSelect`,`bHidden`,`cRefType`,`cRefId`,`cRefRetID`,`cDataRule`,`iFunctionType`,`bSplit`,`bExtend`,`iNumPoint`,`bCanModify`,`cSourceType`,`iMaxShowLen`,`cMemo`,`iColWidth`,`cSumType`,`iAlign`,`bNeedSum`,`bShowIt`,`bFixed`,`bFilter`,`cDefaultValue`,`cFormatData`,`cUserId`,`iTabIndex`,`bIsNull`,`bPrintCaption`,`bJointQuery`,`bPrintUpCase`,`bSelfDefine`,`cDataSourceName`,`cOrder`,`bCheck`,`cControlType`,`cEnumType`,`refReturn`,`bShowInRowAuth`,`iRowAuthBillId`,`cStyle`,`cSelfDefineType`,`bVmExclude`,`bRowAuthDim`,`isMasterOrg`,`sysid`,`tenant_id`,`isprint`,`isExport`) values (@id51,@id4,@id10,@id16,@id27,'AA','inPriority','inPriority','入库优先级','入库优先级','18','11',1,null,null,0,0,0,null,null,null,null,null,null,null,null,1,null,'255',null,'100',null,null,null,1,null,1,null,null,null,0,1,null,null,null,null,'aa.goodsposition.GoodsProductsComparison',null,null,'Input',null,null,0,null,null,null,0,0,null,null,0,1,1);
set @id52=@id51+1;
insert into billitem_base(`id`,`iBillId`,`iBillEntityId`,`iTplId`,`iBillTplGroupId`,`cSubId`,`cFieldName`,`cName`,`cCaption`,`cShowCaption`,`iOrder`,`iMaxLength`,`iFieldType`,`bEnum`,`cEnumString`,`isDeleted`,`bMustSelect`,`bHidden`,`cRefType`,`cRefId`,`cRefRetID`,`cDataRule`,`iFunctionType`,`bSplit`,`bExtend`,`iNumPoint`,`bCanModify`,`cSourceType`,`iMaxShowLen`,`cMemo`,`iColWidth`,`cSumType`,`iAlign`,`bNeedSum`,`bShowIt`,`bFixed`,`bFilter`,`cDefaultValue`,`cFormatData`,`cUserId`,`iTabIndex`,`bIsNull`,`bPrintCaption`,`bJointQuery`,`bPrintUpCase`,`bSelfDefine`,`cDataSourceName`,`cOrder`,`bCheck`,`cControlType`,`cEnumType`,`refReturn`,`bShowInRowAuth`,`iRowAuthBillId`,`cStyle`,`cSelfDefineType`,`bVmExclude`,`bRowAuthDim`,`isMasterOrg`,`sysid`,`tenant_id`,`isprint`,`isExport`) values (@id52,@id4,@id10,@id16,@id27,'AA','outPriority','outPriority','出库优先级','出库优先级','19','11',1,null,null,0,0,0,null,null,null,null,null,null,null,null,1,null,'255',null,'100',null,null,null,1,null,1,null,null,null,0,1,null,null,null,null,'aa.goodsposition.GoodsProductsComparison',null,null,'Input',null,null,0,null,null,null,0,0,null,null,0,1,1);
set @id53=@id52+1;
insert into billitem_base(`id`,`iBillId`,`iBillEntityId`,`iTplId`,`iBillTplGroupId`,`cSubId`,`cFieldName`,`cName`,`cCaption`,`cShowCaption`,`iOrder`,`iMaxLength`,`iFieldType`,`bEnum`,`cEnumString`,`isDeleted`,`bMustSelect`,`bHidden`,`cRefType`,`cRefId`,`cRefRetID`,`cDataRule`,`iFunctionType`,`bSplit`,`bExtend`,`iNumPoint`,`bCanModify`,`cSourceType`,`iMaxShowLen`,`cMemo`,`iColWidth`,`cSumType`,`iAlign`,`bNeedSum`,`bShowIt`,`bFixed`,`bFilter`,`cDefaultValue`,`cFormatData`,`cUserId`,`iTabIndex`,`bIsNull`,`bPrintCaption`,`bJointQuery`,`bPrintUpCase`,`bSelfDefine`,`cDataSourceName`,`cOrder`,`bCheck`,`cControlType`,`cEnumType`,`refReturn`,`bShowInRowAuth`,`iRowAuthBillId`,`cStyle`,`cSelfDefineType`,`bVmExclude`,`bRowAuthDim`,`isMasterOrg`,`sysid`,`tenant_id`,`isprint`,`isExport`) values (@id53,@id4,@id10,@id16,@id27,'AA','id','id','货位物料对照id','货位物料对照id','16','11',1,null,null,0,0,1,null,null,null,null,null,null,null,null,1,null,null,null,'100',null,null,null,1,null,1,null,null,null,0,1,null,null,null,null,'aa.goodsposition.GoodsProductsComparison','desc',null,'Input',null,null,0,null,null,null,0,0,null,null,0,1,0);
set @id54=@id53+1;
insert into billitem_base(`id`,`iBillId`,`iBillEntityId`,`iTplId`,`iBillTplGroupId`,`cSubId`,`cFieldName`,`cName`,`cCaption`,`cShowCaption`,`iOrder`,`iMaxLength`,`iFieldType`,`bEnum`,`cEnumString`,`isDeleted`,`bMustSelect`,`bHidden`,`cRefType`,`cRefId`,`cRefRetID`,`cDataRule`,`iFunctionType`,`bSplit`,`bExtend`,`iNumPoint`,`bCanModify`,`cSourceType`,`iMaxShowLen`,`cMemo`,`iColWidth`,`cSumType`,`iAlign`,`bNeedSum`,`bShowIt`,`bFixed`,`bFilter`,`cDefaultValue`,`cFormatData`,`cUserId`,`iTabIndex`,`bIsNull`,`bPrintCaption`,`bJointQuery`,`bPrintUpCase`,`bSelfDefine`,`cDataSourceName`,`cOrder`,`bCheck`,`cControlType`,`cEnumType`,`refReturn`,`bShowInRowAuth`,`iRowAuthBillId`,`cStyle`,`cSelfDefineType`,`bVmExclude`,`bRowAuthDim`,`isMasterOrg`,`sysid`,`tenant_id`,`isprint`,`isExport`) values (@id54,@id4,@id10,@id16,@id27,'AA','pubts','pubts','时间戳','时间戳','15',null,1,null,null,0,1,0,null,null,null,null,null,null,null,null,0,null,null,null,1,null,null,null,1,null,1,null,null,null,8,1,null,null,null,null,'aa.goodsposition.GoodsProductsComparison',null,null,'datepicker',null,null,0,null,null,null,0,0,null,null,0,1,1);
set @id55=@id54+1;
insert into billitem_base(`id`,`iBillId`,`iBillEntityId`,`iTplId`,`iBillTplGroupId`,`cSubId`,`cFieldName`,`cName`,`cCaption`,`cShowCaption`,`iOrder`,`iMaxLength`,`iFieldType`,`bEnum`,`cEnumString`,`isDeleted`,`bMustSelect`,`bHidden`,`cRefType`,`cRefId`,`cRefRetID`,`cDataRule`,`iFunctionType`,`bSplit`,`bExtend`,`iNumPoint`,`bCanModify`,`cSourceType`,`iMaxShowLen`,`cMemo`,`iColWidth`,`cSumType`,`iAlign`,`bNeedSum`,`bShowIt`,`bFixed`,`bFilter`,`cDefaultValue`,`cFormatData`,`cUserId`,`iTabIndex`,`bIsNull`,`bPrintCaption`,`bJointQuery`,`bPrintUpCase`,`bSelfDefine`,`cDataSourceName`,`cOrder`,`bCheck`,`cControlType`,`cEnumType`,`refReturn`,`bShowInRowAuth`,`iRowAuthBillId`,`cStyle`,`cSelfDefineType`,`bVmExclude`,`bRowAuthDim`,`isMasterOrg`,`sysid`,`tenant_id`,`isprint`,`isExport`) values (@id55,@id4,@id10,@id16,@id27,'AA','warehouseId','warehouseId','所属仓库','所属仓库','22',null,1,null,null,0,0,1,null,null,null,null,null,null,null,null,0,null,null,null,1,null,null,null,1,null,1,null,null,null,null,1,null,null,null,null,'aa.goodsposition.GoodsProductsComparison',null,null,'Input',null,null,0,null,null,null,0,0,null,null,0,1,0);

delete pb_filter_solution_common from pb_filter_solution_common  inner join pb_filter_solution on pb_filter_solution_common.solutionId = pb_filter_solution.id  inner join pb_meta_filters on pb_filter_solution.filtersId=pb_meta_filters.id  where pb_meta_filters.filterName='aa_goodsproductscomparisonlist' ;
delete pb_filter_solution from pb_filter_solution  inner join pb_meta_filters on pb_filter_solution.filtersId=pb_meta_filters.id where pb_meta_filters.filterName='aa_goodsproductscomparisonlist' ;
delete from pb_meta_filter_item where filtersId in (select id from pb_meta_filters where filterName='aa_goodsproductscomparisonlist');
delete from pb_meta_filters where filterName='aa_goodsproductscomparisonlist';

select ifnull(max(id),0)+1 into @id60 from pb_meta_filters;
insert into pb_meta_filters(`id`,`filterName`,`filterDesc`,`subId`,`createTime`,`isUpGrade`,`dr`,`updateTime`,`advanceSupport`,`behaviorObject`) values (@id60,'aa_goodsproductscomparisonlist','默认过滤','AA',null,0,0,null,null,null);

select ifnull(max(id),0)+1 into @id65 from pb_meta_filter_item;
insert into pb_meta_filter_item(`id`,`filtersId`,`itemName`,`itemTitle`,`itemType`,`referCode`,`refType`,`refReturn`,`compareLogic`,`iprecision`,`dataSource`,`descValue`,`isCommon`,`mustInput`,`rangeInput`,`multSelect`,`allowUpdateCompare`,`orLogic`,`defaultVal1`,`defaultVal2`,`groupName`,`isSys`,`createTime`,`dr`,`referId`,`updateTime`,`cEnumType`,`bEnum`,`bAutoflt`,`displayname`,`cformatData`,`extendField`,`auth_level`,`isMasterOrg`) values (@id65,@id60,'positionId','货位名称','Refer','aa_goodspositionref',null,'id','like',null,'positionId',null,0,0,0,1,0,0,null,null,null,1,null,0,null,null,null,null,null,'name',null,null,null,null);
set @id66=@id65+1;
insert into pb_meta_filter_item(`id`,`filtersId`,`itemName`,`itemTitle`,`itemType`,`referCode`,`refType`,`refReturn`,`compareLogic`,`iprecision`,`dataSource`,`descValue`,`isCommon`,`mustInput`,`rangeInput`,`multSelect`,`allowUpdateCompare`,`orLogic`,`defaultVal1`,`defaultVal2`,`groupName`,`isSys`,`createTime`,`dr`,`referId`,`updateTime`,`cEnumType`,`bEnum`,`bAutoflt`,`displayname`,`cformatData`,`extendField`,`auth_level`,`isMasterOrg`) values (@id66,@id60,'productId','物料名称','Refer','pc_nomalproductref',null,'id','like',null,'productId',null,0,0,0,1,0,0,null,null,null,1,null,0,null,null,null,null,null,'name',null,null,null,null);

select ifnull(max(id),0)+1 into @id71 from pb_filter_solution;
insert into pb_filter_solution(`id`,`filtersId`,`solutionName`,`isDefault`,`isPublic`,`userId`,`orderId`,`terminalType`,`tenant_id`,`sysid`) values (@id71,@id60,'默认方案',1,1,null,0,1,0,null);

select ifnull(max(id),0)+1 into @id76 from pb_filter_solution_common;
insert into pb_filter_solution_common(`id`,`solutionId`,`itemId`,`itemName`,`itemTitle`,`refType`,`isCommon`,`rangeInput`,`multSelect`,`compareLogic`,`defaultVal1`,`defaultVal2`,`orderId`,`saveHistory`,`checkRefer`,`pb_filter_solution_commoncol`,`tenant_id`,`defineId`,`itemType`,`refercode`,`bhidden`) values (@id76,@id71,@id65,'positionId','货位名称',null,1,0,1,'like',null,null,null,null,null,null,0,null,null,null,null);
set @id77=@id76+1;
insert into pb_filter_solution_common(`id`,`solutionId`,`itemId`,`itemName`,`itemTitle`,`refType`,`isCommon`,`rangeInput`,`multSelect`,`compareLogic`,`defaultVal1`,`defaultVal2`,`orderId`,`saveHistory`,`checkRefer`,`pb_filter_solution_commoncol`,`tenant_id`,`defineId`,`itemType`,`refercode`,`bhidden`) values (@id77,@id71,@id66,'productId','物料名称',null,1,0,1,'like',null,null,null,null,null,null,0,null,null,null,null);

delete from bill_toolbar where billnumber='aa_goodsproductscomparisonlist';
delete from bill_toolbaritem where billnumber='aa_goodsproductscomparisonlist';
delete from bill_command where billnumber='aa_goodsproductscomparisonlist';

select ifnull(max(id),0)+1 into @id82 from bill_toolbar;
insert into bill_toolbar(`id`,`billnumber`,`name`,`ismain`,`parent`,`align`,`subid`,`system`,`orderNum`,`childrenField`,`tplmode`,`cStyle`) values (@id82,'aa_goodsproductscomparisonlist','ListHeader_1',null,'ListHeader','top','AA',0,0,null,0,'{"hotfix":false}');
set @id83=@id82+1;
insert into bill_toolbar(`id`,`billnumber`,`name`,`ismain`,`parent`,`align`,`subid`,`system`,`orderNum`,`childrenField`,`tplmode`,`cStyle`) values (@id83,'aa_goodsproductscomparisonlist','warehouseToobar_table',0,'Table_3','top','AA',1,null,'goodsProductsComparisons',0,null);

select ifnull(max(id),0)+1 into @id88 from bill_toolbaritem;
insert into bill_toolbaritem(`id`,`billnumber`,`toolbar`,`name`,`command`,`type`,`style`,`text`,`parameter`,`imgsrc`,`parent`,`order`,`subid`,`system`,`authid`,`authcontrol`,`authname`,`bMerge`,`icon`,`sysid`,`tenant_id`,`auth_level`,`cDataRule`) values (@id88,'aa_goodsproductscomparisonlist','ListHeader_1','btnAdd','cmdAdd','primarybutton',0,'新增',null,null,null,'-1','AA',1,null,1,null,1,'plus-copy',null,0,null,null);
set @id89=@id88+1;
insert into bill_toolbaritem(`id`,`billnumber`,`toolbar`,`name`,`command`,`type`,`style`,`text`,`parameter`,`imgsrc`,`parent`,`order`,`subid`,`system`,`authid`,`authcontrol`,`authname`,`bMerge`,`icon`,`sysid`,`tenant_id`,`auth_level`,`cDataRule`) values (@id89,'aa_goodsproductscomparisonlist','ListHeader_1','btndropdown',null,'dropdownbutton',0,'批量操作',null,null,null,2,'AA',1,null,1,null,1,null,null,0,null,null);
set @id90=@id89+1;
insert into bill_toolbaritem(`id`,`billnumber`,`toolbar`,`name`,`command`,`type`,`style`,`text`,`parameter`,`imgsrc`,`parent`,`order`,`subid`,`system`,`authid`,`authcontrol`,`authname`,`bMerge`,`icon`,`sysid`,`tenant_id`,`auth_level`,`cDataRule`) values (@id90,'aa_goodsproductscomparisonlist','ListHeader_1','btnEdit','cmdEdit','button',0,'修改',null,null,null,1,'AA',1,null,1,null,1,null,null,0,null,null);
set @id91=@id90+1;
insert into bill_toolbaritem(`id`,`billnumber`,`toolbar`,`name`,`command`,`type`,`style`,`text`,`parameter`,`imgsrc`,`parent`,`order`,`subid`,`system`,`authid`,`authcontrol`,`authname`,`bMerge`,`icon`,`sysid`,`tenant_id`,`auth_level`,`cDataRule`) values (@id91,'aa_goodsproductscomparisonlist','ListHeader_1','btnExport','cmdExport','menuitem',0,'Excel导出',null,null,@id89,3,'AA',1,null,1,null,1,null,null,0,null,null);
set @id92=@id91+1;
insert into bill_toolbaritem(`id`,`billnumber`,`toolbar`,`name`,`command`,`type`,`style`,`text`,`parameter`,`imgsrc`,`parent`,`order`,`subid`,`system`,`authid`,`authcontrol`,`authname`,`bMerge`,`icon`,`sysid`,`tenant_id`,`auth_level`,`cDataRule`) values (@id92,'aa_goodsproductscomparisonlist','warehouseToobar_table','btnDeleteRow','cmdDeleteRow','button',0,'删行',null,null,null,4,'AA',1,null,0,null,0,null,null,0,null,null);
set @id93=@id92+1;
insert into bill_toolbaritem(`id`,`billnumber`,`toolbar`,`name`,`command`,`type`,`style`,`text`,`parameter`,`imgsrc`,`parent`,`order`,`subid`,`system`,`authid`,`authcontrol`,`authname`,`bMerge`,`icon`,`sysid`,`tenant_id`,`auth_level`,`cDataRule`) values (@id93,'aa_goodsproductscomparisonlist','ListHeader_1','btnDelete','cmdDelete','button',0,'删除',null,null,null,3,'AA',1,null,1,null,1,null,null,0,null,null);
set @id94=@id93+1;
insert into bill_toolbaritem(`id`,`billnumber`,`toolbar`,`name`,`command`,`type`,`style`,`text`,`parameter`,`imgsrc`,`parent`,`order`,`subid`,`system`,`authid`,`authcontrol`,`authname`,`bMerge`,`icon`,`sysid`,`tenant_id`,`auth_level`,`cDataRule`) values (@id94,'aa_goodsproductscomparisonlist','ListHeader_1','btnBillsetting','cmdBillsetting','button',0,'UI模板',null,null,null,7,'AA',1,null,1,null,1,null,null,0,null,null);

select ifnull(max(id),0)+1 into @id99 from bill_command;
insert into bill_command(`id`,`name`,`action`,`billnumber`,`target`,`ruleid`,`svcurl`,`httpmethod`,`subid`,`system`,`parameter`,`authid`) values (@id99,'cmdAdd','addgoodsproductscomparisonmap','aa_goodsproductscomparisonlist',null,null,'/bill/add.do','GET','AA',1,null,'aa_goodsproductscomparisonlistadd');
set @id100=@id99+1;
insert into bill_command(`id`,`name`,`action`,`billnumber`,`target`,`ruleid`,`svcurl`,`httpmethod`,`subid`,`system`,`parameter`,`authid`) values (@id100,'cmdEdit','editgoodsproductscomparisonmap','aa_goodsproductscomparisonlist',null,null,'/bill/edit.do','GET','AA',1,null,'aa_goodsproductscomparisonlistedit');
set @id101=@id100+1;
insert into bill_command(`id`,`name`,`action`,`billnumber`,`target`,`ruleid`,`svcurl`,`httpmethod`,`subid`,`system`,`parameter`,`authid`) values (@id101,'cmdExport','batchoutput','aa_goodsproductscomparisonlist',null,null,'/bill/export','POST','AA',1,null,'aa_goodsproductscomparisonlistexport');
set @id102=@id101+1;
insert into bill_command(`id`,`name`,`action`,`billnumber`,`target`,`ruleid`,`svcurl`,`httpmethod`,`subid`,`system`,`parameter`,`authid`) values (@id102,'cmdQueryTree','querytree','aa_goodsproductscomparisonlist',null,null,'/bill/querytree','POST','AA',1,null,null);
set @id103=@id102+1;
insert into bill_command(`id`,`name`,`action`,`billnumber`,`target`,`ruleid`,`svcurl`,`httpmethod`,`subid`,`system`,`parameter`,`authid`) values (@id103,'cmdGetRefData','getRefData','aa_goodsproductscomparisonlist',null,null,'/bill/getrefdata','POST','AA',1,null,null);
set @id104=@id103+1;
insert into bill_command(`id`,`name`,`action`,`billnumber`,`target`,`ruleid`,`svcurl`,`httpmethod`,`subid`,`system`,`parameter`,`authid`) values (@id104,'cmdList','list','aa_goodsproductscomparisonlist',null,null,'/bill/list','POST','AA',1,null,'aa_goodsproductscomparisonlist');
set @id105=@id104+1;
insert into bill_command(`id`,`name`,`action`,`billnumber`,`target`,`ruleid`,`svcurl`,`httpmethod`,`subid`,`system`,`parameter`,`authid`) values (@id105,'cmdDelete','batchdelete','aa_goodsproductscomparisonlist',null,null,'/bill/batchdelete','POST','AA',1,null,'aa_goodsproductscomparisonlistdelete');
set @id106=@id105+1;
insert into bill_command(`id`,`name`,`action`,`billnumber`,`target`,`ruleid`,`svcurl`,`httpmethod`,`subid`,`system`,`parameter`,`authid`) values (@id106,'cmdDeleteRow','batchdelete','aa_goodsproductscomparisonlist','warehouseToobar_table',null,'/bill/batchdelete','POST','AA',1,null,'aa_goodsproductscomparisonlistdelete');
set @id107=@id106+1;
insert into bill_command(`id`,`name`,`action`,`billnumber`,`target`,`ruleid`,`svcurl`,`httpmethod`,`subid`,`system`,`parameter`,`authid`) values (@id107,'cmdBillsetting','billsetting','aa_goodsproductscomparisonlist','warehouseToobar_table',null,'/bill/billsetting','POST','AA',1,null,null);

update bill_base set `iDefTplId`=@id16 where `id`=@id4;
update bill_base set `cFilterId`=@id60 where `id`=@id4;
update billtplgroup_base set `iParentID`=@id26 where `id`=@id25;