
delete billentity_base from billentity_base inner join bill_base on billentity_base.iBillId=bill_base.id where bill_base.cBillNo='pc_attachmentgrouplist'  and bill_base.tenant_id=0 ;
delete billtemplate_base from billtemplate_base inner join bill_base on billtemplate_base.iBillId=bill_base.id where bill_base.cBillNo='pc_attachmentgrouplist'  and bill_base.tenant_id=0 ;
delete billtplgroup_base from billtplgroup_base inner join bill_base on billtplgroup_base.iBillId=bill_base.id where bill_base.cBillNo='pc_attachmentgrouplist'  and bill_base.tenant_id=0 ;
delete billitem_base from billitem_base inner JOIN bill_base on billitem_base.iBillId=bill_base.id where bill_base.cBillNo='pc_attachmentgrouplist'  and bill_base.tenant_id=0 ;
delete from pub_makebillrule_detail where makebill_id in (select makebill_id from pub_makebillrule where iBillId in (select id from bill_base where cBillNo='pc_attachmentgrouplist' and tenant_id=0 ));
delete from pub_makebillrule where iBillId in (select id from bill_base where cBillNo='pc_attachmentgrouplist' and tenant_id=0 );
delete from bill_base where cBillNo='pc_attachmentgrouplist' and tenant_id=0 ;

select ifnull(max(id),0)+1 into @id4 from bill_base;
insert into bill_base(`id`,`cBillNo`,`cName`,`cCardKey`,`cSubId`,`iDefTplId`,`iDefPrnTplId`,`iOrder`,`bAllowMultiTpl`,`cDefWhere`,`isDeleted`,`bPrintLimited`,`iSystem`,`cAuthId`,`cBillType`,`cBeanId`,`cFilterId`,`bRowAuthControl`,`bColumnAuthControl`,`bRowAuthObject`,`bColumnAuthControlled`,`bRowAuthControlled`,`cPersonDataSource`,`cCarry`,`printBoPk`,`authGroupKey`,`sysid`,`tenant_id`,`datasourcetype`,`datasourcesql`,`batchoperate`,`authType`,`pkField`,`parentField`,`domain`,`isSupportBpm`,`isBpmInited`,`label`,`isCoded`) values (@id4,'pc_attachmentgrouplist','附件分组列表','pc_attachmentgroupitem','PC',null,null,null,1,null,0,1,1,null,'TreeList',null,null,0,0,0,0,0,null,null,null,'pc_attachmentgrouplist',null,0,null,null,1,null,null,null,null,0,0,null,0);

select ifnull(max(id),0)+1 into @id10 from billentity_base;
insert into billentity_base(`id`,`iBillId`,`cCode`,`cName`,`cSubId`,`iOrder`,`isDeleted`,`cDataSourceName`,`cPrimaryKey`,`iSystem`,`bMain`,`cForeignKey`,`cParentCode`,`childrenField`,`cModelType`,`bIsNull`,`sysid`,`tenant_id`,`isprint`,`queryJoin`,`printKey`,`isTplExport`,`label`) values (@id10,@id4,'pc_attachmentgroupitem','附件分组项','PC',0,0,'pc.attachment.AttachmentGroupItem','id',1,1,'groupId',null,null,null,null,null,0,1,null,null,1,null);
set @id11=@id10+1;
insert into billentity_base(`id`,`iBillId`,`cCode`,`cName`,`cSubId`,`iOrder`,`isDeleted`,`cDataSourceName`,`cPrimaryKey`,`iSystem`,`bMain`,`cForeignKey`,`cParentCode`,`childrenField`,`cModelType`,`bIsNull`,`sysid`,`tenant_id`,`isprint`,`queryJoin`,`printKey`,`isTplExport`,`label`) values (@id11,@id4,'pc_attachmentgroup_product','物料档案树','PC',1,0,'pc.attachment.AttachmentGroup','id',1,0,null,null,'items',null,null,null,0,1,null,null,1,null);

select ifnull(max(id),0)+1 into @id16 from billtemplate_base;
insert into billtemplate_base(`id`,`iBillId`,`cName`,`iOrder`,`iTplMode`,`iWidth`,`isDeleted`,`cPrintSetting`,`cPageHeader`,`cPageFooter`,`cTitleHeight`,`iPrintTotal`,`iFixedCols`,`cMemo`,`cTitle`,`iGridStyle`,`cRowLayout`,`cTitleStyle`,`cTotalColor`,`cAmongColor`,`cFixedColor`,`sysid`,`tenant_id`,`templateType`) values (@id16,@id4,'附件分组列表显示模板',0,0,'1000',0,null,null,null,null,null,null,null,'附件分组列表',null,null,null,null,null,null,null,0,null);

select ifnull(max(id),0)+1 into @id22 from billtplgroup_base;
insert into billtplgroup_base(`id`,`iBillId`,`iBillEntityId`,`iTplId`,`cCode`,`cName`,`cSubId`,`iOrder`,`cDataSourceName`,`cPrimaryKey`,`isDeleted`,`iSystem`,`bMain`,`cForeignKey`,`cParentDataSource`,`cType`,`iParentID`,`cAlign`,`iCols`,`cStyle`,`cImage`,`sysid`,`tenant_id`,`dataRule`) values (@id22,@id4,@id10,@id16,'parentdiv','parentdiv','PC',0,'pc.attachment.AttachmentGroupItem','id',0,1,1,null,null,'div',null,'top',null,null,null,null,0,null);
set @id23=@id22+1;
insert into billtplgroup_base(`id`,`iBillId`,`iBillEntityId`,`iTplId`,`cCode`,`cName`,`cSubId`,`iOrder`,`cDataSourceName`,`cPrimaryKey`,`isDeleted`,`iSystem`,`bMain`,`cForeignKey`,`cParentDataSource`,`cType`,`iParentID`,`cAlign`,`iCols`,`cStyle`,`cImage`,`sysid`,`tenant_id`,`dataRule`) values (@id23,@id4,@id10,@id16,'rightdiv','rightdiv','PC',2,'pc.attachment.AttachmentGroupItem','id',0,1,1,null,null,'div',@id22,'right',null,null,null,null,0,null);
set @id24=@id23+1;
insert into billtplgroup_base(`id`,`iBillId`,`iBillEntityId`,`iTplId`,`cCode`,`cName`,`cSubId`,`iOrder`,`cDataSourceName`,`cPrimaryKey`,`isDeleted`,`iSystem`,`bMain`,`cForeignKey`,`cParentDataSource`,`cType`,`iParentID`,`cAlign`,`iCols`,`cStyle`,`cImage`,`sysid`,`tenant_id`,`dataRule`) values (@id24,@id4,@id10,@id16,'ListHeader','ListHeader','PC',5,'pc.attachment.AttachmentGroupItem','id',0,1,1,null,null,'ListHeader',@id23,'right',null,null,null,null,0,null);
set @id25=@id24+1;
insert into billtplgroup_base(`id`,`iBillId`,`iBillEntityId`,`iTplId`,`cCode`,`cName`,`cSubId`,`iOrder`,`cDataSourceName`,`cPrimaryKey`,`isDeleted`,`iSystem`,`bMain`,`cForeignKey`,`cParentDataSource`,`cType`,`iParentID`,`cAlign`,`iCols`,`cStyle`,`cImage`,`sysid`,`tenant_id`,`dataRule`) values (@id25,@id4,@id10,@id16,'ConvenientQuery','ConvenientQuery','PC',3,'pc.attachment.AttachmentGroupItem','id',0,1,1,null,null,'ConvenientQuery',@id24,'top',null,null,null,null,0,null);
set @id26=@id25+1;
insert into billtplgroup_base(`id`,`iBillId`,`iBillEntityId`,`iTplId`,`cCode`,`cName`,`cSubId`,`iOrder`,`cDataSourceName`,`cPrimaryKey`,`isDeleted`,`iSystem`,`bMain`,`cForeignKey`,`cParentDataSource`,`cType`,`iParentID`,`cAlign`,`iCols`,`cStyle`,`cImage`,`sysid`,`tenant_id`,`dataRule`) values (@id26,@id4,@id10,@id16,'Table_3','Table','PC',6,'pc.attachment.AttachmentGroupItem','id',0,1,1,null,null,'Table',@id23,'center',null,'{"rowheight":"60px", "diffWidth":"241"}',null,null,0,null);
set @id27=@id26+1;
insert into billtplgroup_base(`id`,`iBillId`,`iBillEntityId`,`iTplId`,`cCode`,`cName`,`cSubId`,`iOrder`,`cDataSourceName`,`cPrimaryKey`,`isDeleted`,`iSystem`,`bMain`,`cForeignKey`,`cParentDataSource`,`cType`,`iParentID`,`cAlign`,`iCols`,`cStyle`,`cImage`,`sysid`,`tenant_id`,`dataRule`) values (@id27,@id4,@id10,@id16,'leftdiv','leftdiv','PC',1,'pc.attachment.AttachmentGroupItem','id',0,1,1,null,null,'div',@id22,'left',null,'{"classname":"lefttree-select-add-count"}',null,null,0,null);
set @id28=@id27+1;
insert into billtplgroup_base(`id`,`iBillId`,`iBillEntityId`,`iTplId`,`cCode`,`cName`,`cSubId`,`iOrder`,`cDataSourceName`,`cPrimaryKey`,`isDeleted`,`iSystem`,`bMain`,`cForeignKey`,`cParentDataSource`,`cType`,`iParentID`,`cAlign`,`iCols`,`cStyle`,`cImage`,`sysid`,`tenant_id`,`dataRule`) values (@id28,@id4,@id10,@id16,'leftTopDiv','leftTopDiv','PC',1,'pc.attachment.AttachmentGroupItem','id',0,1,1,null,null,'div',@id27,'top',null,null,null,null,0,null);
set @id29=@id28+1;
insert into billtplgroup_base(`id`,`iBillId`,`iBillEntityId`,`iTplId`,`cCode`,`cName`,`cSubId`,`iOrder`,`cDataSourceName`,`cPrimaryKey`,`isDeleted`,`iSystem`,`bMain`,`cForeignKey`,`cParentDataSource`,`cType`,`iParentID`,`cAlign`,`iCols`,`cStyle`,`cImage`,`sysid`,`tenant_id`,`dataRule`) values (@id29,@id4,@id10,@id16,'switchBillType','switchBillType','PC',1,'pc.attachment.AttachmentGroupItem','id',0,1,1,null,null,'div',@id28,'left',null,null,null,null,0,null);
set @id30=@id29+1;
insert into billtplgroup_base(`id`,`iBillId`,`iBillEntityId`,`iTplId`,`cCode`,`cName`,`cSubId`,`iOrder`,`cDataSourceName`,`cPrimaryKey`,`isDeleted`,`iSystem`,`bMain`,`cForeignKey`,`cParentDataSource`,`cType`,`iParentID`,`cAlign`,`iCols`,`cStyle`,`cImage`,`sysid`,`tenant_id`,`dataRule`) values (@id30,@id4,@id11,@id16,'addAttachmentGroupDiv','addAttachmentGroupDiv','PC',2,'pc.attachment.AttachmentGroup','id',0,1,1,null,null,'div',@id28,'right',null,null,null,null,0,null);
set @id31=@id30+1;
insert into billtplgroup_base(`id`,`iBillId`,`iBillEntityId`,`iTplId`,`cCode`,`cName`,`cSubId`,`iOrder`,`cDataSourceName`,`cPrimaryKey`,`isDeleted`,`iSystem`,`bMain`,`cForeignKey`,`cParentDataSource`,`cType`,`iParentID`,`cAlign`,`iCols`,`cStyle`,`cImage`,`sysid`,`tenant_id`,`dataRule`) values (@id31,@id4,@id11,@id16,'productTreeDiv','productTreeDiv','PC',4,'pc.attachment.AttachmentGroup','id',0,1,1,null,null,'SearchTree',@id27,'bottom',null,null,null,null,0,null);

select ifnull(max(id),0)+1 into @id36 from billitem_base;
insert into billitem_base(`id`,`iBillId`,`iBillEntityId`,`iTplId`,`iBillTplGroupId`,`cSubId`,`cFieldName`,`cName`,`cCaption`,`cShowCaption`,`iOrder`,`iMaxLength`,`iFieldType`,`bEnum`,`cEnumString`,`isDeleted`,`bMustSelect`,`bHidden`,`cRefType`,`cRefId`,`cRefRetID`,`cDataRule`,`iFunctionType`,`bSplit`,`bExtend`,`iNumPoint`,`bCanModify`,`cSourceType`,`iMaxShowLen`,`cMemo`,`iColWidth`,`cSumType`,`iAlign`,`bNeedSum`,`bShowIt`,`bFixed`,`bFilter`,`cDefaultValue`,`cFormatData`,`cUserId`,`iTabIndex`,`bIsNull`,`bPrintCaption`,`bJointQuery`,`bPrintUpCase`,`bSelfDefine`,`cDataSourceName`,`cOrder`,`bCheck`,`cControlType`,`cEnumType`,`refReturn`,`bShowInRowAuth`,`iRowAuthBillId`,`cStyle`,`cSelfDefineType`,`bVmExclude`,`bRowAuthDim`,`isMasterOrg`,`sysid`,`tenant_id`,`isprint`,`multiple`,`isshoprelated`,`depends`,`iSystem`,`auth_level`,`cDefineName`,`enterDirection`,`isExport`,`makeField`,`cSensFieldName`) values (@id36,@id4,@id11,@id16,@id31,'PC','id','id','ID','ID','10','255',1,null,null,0,1,0,null,null,null,null,null,0,0,null,0,null,'255',null,'200',null,1,0,1,null,1,null,null,null,'10',1,1,0,0,0,'pc.attachment.AttachmentGroup',null,1,'Input',null,null,0,null,null,null,0,0,null,null,0,1,null,0,null,1,5,null,4,1,null,null);
set @id37=@id36+1;
insert into billitem_base(`id`,`iBillId`,`iBillEntityId`,`iTplId`,`iBillTplGroupId`,`cSubId`,`cFieldName`,`cName`,`cCaption`,`cShowCaption`,`iOrder`,`iMaxLength`,`iFieldType`,`bEnum`,`cEnumString`,`isDeleted`,`bMustSelect`,`bHidden`,`cRefType`,`cRefId`,`cRefRetID`,`cDataRule`,`iFunctionType`,`bSplit`,`bExtend`,`iNumPoint`,`bCanModify`,`cSourceType`,`iMaxShowLen`,`cMemo`,`iColWidth`,`cSumType`,`iAlign`,`bNeedSum`,`bShowIt`,`bFixed`,`bFilter`,`cDefaultValue`,`cFormatData`,`cUserId`,`iTabIndex`,`bIsNull`,`bPrintCaption`,`bJointQuery`,`bPrintUpCase`,`bSelfDefine`,`cDataSourceName`,`cOrder`,`bCheck`,`cControlType`,`cEnumType`,`refReturn`,`bShowInRowAuth`,`iRowAuthBillId`,`cStyle`,`cSelfDefineType`,`bVmExclude`,`bRowAuthDim`,`isMasterOrg`,`sysid`,`tenant_id`,`isprint`,`multiple`,`isshoprelated`,`depends`,`iSystem`,`auth_level`,`cDefineName`,`enterDirection`,`isExport`,`makeField`,`cSensFieldName`) values (@id37,@id4,@id11,@id16,@id31,'PC','pubts','pubts','时间戳','时间戳','11','255',1,null,null,0,1,0,null,null,null,null,null,0,0,null,0,null,'255',null,'200',null,1,0,1,null,1,null,null,null,'20',1,1,0,0,0,'pc.attachment.AttachmentGroup',null,1,'Input',null,null,0,null,null,null,0,0,null,null,0,1,null,0,null,1,5,null,4,1,null,null);
set @id38=@id37+1;
insert into billitem_base(`id`,`iBillId`,`iBillEntityId`,`iTplId`,`iBillTplGroupId`,`cSubId`,`cFieldName`,`cName`,`cCaption`,`cShowCaption`,`iOrder`,`iMaxLength`,`iFieldType`,`bEnum`,`cEnumString`,`isDeleted`,`bMustSelect`,`bHidden`,`cRefType`,`cRefId`,`cRefRetID`,`cDataRule`,`iFunctionType`,`bSplit`,`bExtend`,`iNumPoint`,`bCanModify`,`cSourceType`,`iMaxShowLen`,`cMemo`,`iColWidth`,`cSumType`,`iAlign`,`bNeedSum`,`bShowIt`,`bFixed`,`bFilter`,`cDefaultValue`,`cFormatData`,`cUserId`,`iTabIndex`,`bIsNull`,`bPrintCaption`,`bJointQuery`,`bPrintUpCase`,`bSelfDefine`,`cDataSourceName`,`cOrder`,`bCheck`,`cControlType`,`cEnumType`,`refReturn`,`bShowInRowAuth`,`iRowAuthBillId`,`cStyle`,`cSelfDefineType`,`bVmExclude`,`bRowAuthDim`,`isMasterOrg`,`sysid`,`tenant_id`,`isprint`,`multiple`,`isshoprelated`,`depends`,`iSystem`,`auth_level`,`cDefineName`,`enterDirection`,`isExport`,`makeField`,`cSensFieldName`) values (@id38,@id4,@id11,@id16,@id31,'PC','code','code','分组编码','分组编码','12','255',1,null,null,0,0,0,null,null,null,null,null,0,0,null,0,null,'255',null,'200',null,1,0,1,null,1,null,null,null,'30',1,1,0,0,0,'pc.attachment.AttachmentGroup',null,1,'Input',null,null,0,null,null,null,0,0,null,null,0,1,null,0,null,1,5,null,4,1,null,null);
set @id39=@id38+1;
insert into billitem_base(`id`,`iBillId`,`iBillEntityId`,`iTplId`,`iBillTplGroupId`,`cSubId`,`cFieldName`,`cName`,`cCaption`,`cShowCaption`,`iOrder`,`iMaxLength`,`iFieldType`,`bEnum`,`cEnumString`,`isDeleted`,`bMustSelect`,`bHidden`,`cRefType`,`cRefId`,`cRefRetID`,`cDataRule`,`iFunctionType`,`bSplit`,`bExtend`,`iNumPoint`,`bCanModify`,`cSourceType`,`iMaxShowLen`,`cMemo`,`iColWidth`,`cSumType`,`iAlign`,`bNeedSum`,`bShowIt`,`bFixed`,`bFilter`,`cDefaultValue`,`cFormatData`,`cUserId`,`iTabIndex`,`bIsNull`,`bPrintCaption`,`bJointQuery`,`bPrintUpCase`,`bSelfDefine`,`cDataSourceName`,`cOrder`,`bCheck`,`cControlType`,`cEnumType`,`refReturn`,`bShowInRowAuth`,`iRowAuthBillId`,`cStyle`,`cSelfDefineType`,`bVmExclude`,`bRowAuthDim`,`isMasterOrg`,`sysid`,`tenant_id`,`isprint`,`multiple`,`isshoprelated`,`depends`,`iSystem`,`auth_level`,`cDefineName`,`enterDirection`,`isExport`,`makeField`,`cSensFieldName`) values (@id39,@id4,@id11,@id16,@id31,'PC','name','name','分组名称','分组名称','13','255',1,null,null,0,0,0,null,null,null,null,null,0,0,null,0,null,'255',null,'200',null,1,0,1,null,1,null,null,null,'40',1,1,0,0,0,'pc.attachment.AttachmentGroup',null,1,'Input',null,null,0,null,null,null,0,0,null,null,0,1,null,0,null,1,5,null,4,1,null,null);
set @id40=@id39+1;
insert into billitem_base(`id`,`iBillId`,`iBillEntityId`,`iTplId`,`iBillTplGroupId`,`cSubId`,`cFieldName`,`cName`,`cCaption`,`cShowCaption`,`iOrder`,`iMaxLength`,`iFieldType`,`bEnum`,`cEnumString`,`isDeleted`,`bMustSelect`,`bHidden`,`cRefType`,`cRefId`,`cRefRetID`,`cDataRule`,`iFunctionType`,`bSplit`,`bExtend`,`iNumPoint`,`bCanModify`,`cSourceType`,`iMaxShowLen`,`cMemo`,`iColWidth`,`cSumType`,`iAlign`,`bNeedSum`,`bShowIt`,`bFixed`,`bFilter`,`cDefaultValue`,`cFormatData`,`cUserId`,`iTabIndex`,`bIsNull`,`bPrintCaption`,`bJointQuery`,`bPrintUpCase`,`bSelfDefine`,`cDataSourceName`,`cOrder`,`bCheck`,`cControlType`,`cEnumType`,`refReturn`,`bShowInRowAuth`,`iRowAuthBillId`,`cStyle`,`cSelfDefineType`,`bVmExclude`,`bRowAuthDim`,`isMasterOrg`,`sysid`,`tenant_id`,`isprint`,`multiple`,`isshoprelated`,`depends`,`iSystem`,`auth_level`,`cDefineName`,`enterDirection`,`isExport`,`makeField`,`cSensFieldName`) values (@id40,@id4,@id11,@id16,@id31,'PC','billType','billType','表单编码','表单编码','14','255',1,null,null,0,0,0,null,null,null,null,null,0,0,null,0,null,'255',null,'200',null,1,0,1,null,1,null,null,null,'50',1,1,0,0,0,'pc.attachment.AttachmentGroup',null,1,'Input',null,null,0,null,null,null,0,0,null,null,0,1,null,0,null,1,5,null,4,1,null,null);
set @id41=@id40+1;
insert into billitem_base(`id`,`iBillId`,`iBillEntityId`,`iTplId`,`iBillTplGroupId`,`cSubId`,`cFieldName`,`cName`,`cCaption`,`cShowCaption`,`iOrder`,`iMaxLength`,`iFieldType`,`bEnum`,`cEnumString`,`isDeleted`,`bMustSelect`,`bHidden`,`cRefType`,`cRefId`,`cRefRetID`,`cDataRule`,`iFunctionType`,`bSplit`,`bExtend`,`iNumPoint`,`bCanModify`,`cSourceType`,`iMaxShowLen`,`cMemo`,`iColWidth`,`cSumType`,`iAlign`,`bNeedSum`,`bShowIt`,`bFixed`,`bFilter`,`cDefaultValue`,`cFormatData`,`cUserId`,`iTabIndex`,`bIsNull`,`bPrintCaption`,`bJointQuery`,`bPrintUpCase`,`bSelfDefine`,`cDataSourceName`,`cOrder`,`bCheck`,`cControlType`,`cEnumType`,`refReturn`,`bShowInRowAuth`,`iRowAuthBillId`,`cStyle`,`cSelfDefineType`,`bVmExclude`,`bRowAuthDim`,`isMasterOrg`,`sysid`,`tenant_id`,`isprint`,`multiple`,`isshoprelated`,`depends`,`iSystem`,`auth_level`,`cDefineName`,`enterDirection`,`isExport`,`makeField`,`cSensFieldName`) values (@id41,@id4,@id11,@id16,@id31,'PC','description','description','分组描述','分组描述','15','255',1,null,null,0,0,0,null,null,null,null,null,0,0,null,0,null,'255',null,'100',null,1,0,1,null,1,null,null,null,'60',1,1,0,0,0,'pc.attachment.AttachmentGroup',null,1,'Input',null,null,0,null,null,null,0,0,null,null,0,1,null,0,null,1,5,null,4,1,null,null);
set @id42=@id41+1;
insert into billitem_base(`id`,`iBillId`,`iBillEntityId`,`iTplId`,`iBillTplGroupId`,`cSubId`,`cFieldName`,`cName`,`cCaption`,`cShowCaption`,`iOrder`,`iMaxLength`,`iFieldType`,`bEnum`,`cEnumString`,`isDeleted`,`bMustSelect`,`bHidden`,`cRefType`,`cRefId`,`cRefRetID`,`cDataRule`,`iFunctionType`,`bSplit`,`bExtend`,`iNumPoint`,`bCanModify`,`cSourceType`,`iMaxShowLen`,`cMemo`,`iColWidth`,`cSumType`,`iAlign`,`bNeedSum`,`bShowIt`,`bFixed`,`bFilter`,`cDefaultValue`,`cFormatData`,`cUserId`,`iTabIndex`,`bIsNull`,`bPrintCaption`,`bJointQuery`,`bPrintUpCase`,`bSelfDefine`,`cDataSourceName`,`cOrder`,`bCheck`,`cControlType`,`cEnumType`,`refReturn`,`bShowInRowAuth`,`iRowAuthBillId`,`cStyle`,`cSelfDefineType`,`bVmExclude`,`bRowAuthDim`,`isMasterOrg`,`sysid`,`tenant_id`,`isprint`,`multiple`,`isshoprelated`,`depends`,`iSystem`,`auth_level`,`cDefineName`,`enterDirection`,`isExport`,`makeField`,`cSensFieldName`) values (@id42,@id4,@id10,@id16,@id26,'PC','id','id','ID','ID','16','255',1,null,null,0,1,0,null,null,null,null,null,0,0,null,0,null,'255',null,'100',null,1,0,0,null,1,null,null,null,'130',1,1,0,0,0,'pc.attachment.AttachmentGroupItem',null,1,'Input',null,null,0,null,null,null,0,0,null,null,0,1,null,0,null,1,5,null,4,1,null,null);
set @id43=@id42+1;
insert into billitem_base(`id`,`iBillId`,`iBillEntityId`,`iTplId`,`iBillTplGroupId`,`cSubId`,`cFieldName`,`cName`,`cCaption`,`cShowCaption`,`iOrder`,`iMaxLength`,`iFieldType`,`bEnum`,`cEnumString`,`isDeleted`,`bMustSelect`,`bHidden`,`cRefType`,`cRefId`,`cRefRetID`,`cDataRule`,`iFunctionType`,`bSplit`,`bExtend`,`iNumPoint`,`bCanModify`,`cSourceType`,`iMaxShowLen`,`cMemo`,`iColWidth`,`cSumType`,`iAlign`,`bNeedSum`,`bShowIt`,`bFixed`,`bFilter`,`cDefaultValue`,`cFormatData`,`cUserId`,`iTabIndex`,`bIsNull`,`bPrintCaption`,`bJointQuery`,`bPrintUpCase`,`bSelfDefine`,`cDataSourceName`,`cOrder`,`bCheck`,`cControlType`,`cEnumType`,`refReturn`,`bShowInRowAuth`,`iRowAuthBillId`,`cStyle`,`cSelfDefineType`,`bVmExclude`,`bRowAuthDim`,`isMasterOrg`,`sysid`,`tenant_id`,`isprint`,`multiple`,`isshoprelated`,`depends`,`iSystem`,`auth_level`,`cDefineName`,`enterDirection`,`isExport`,`makeField`,`cSensFieldName`) values (@id43,@id4,@id10,@id16,@id26,'PC','sort','sort','排序号','排序号','17','255',1,null,null,0,1,0,null,null,null,null,null,0,0,null,0,null,'255',null,'120',null,1,0,1,null,1,null,null,null,'140',0,1,0,0,0,'pc.attachment.AttachmentGroupItem',null,1,'Input',null,null,0,null,null,null,0,0,null,null,0,1,null,0,null,1,5,null,4,1,null,null);
set @id44=@id43+1;
insert into billitem_base(`id`,`iBillId`,`iBillEntityId`,`iTplId`,`iBillTplGroupId`,`cSubId`,`cFieldName`,`cName`,`cCaption`,`cShowCaption`,`iOrder`,`iMaxLength`,`iFieldType`,`bEnum`,`cEnumString`,`isDeleted`,`bMustSelect`,`bHidden`,`cRefType`,`cRefId`,`cRefRetID`,`cDataRule`,`iFunctionType`,`bSplit`,`bExtend`,`iNumPoint`,`bCanModify`,`cSourceType`,`iMaxShowLen`,`cMemo`,`iColWidth`,`cSumType`,`iAlign`,`bNeedSum`,`bShowIt`,`bFixed`,`bFilter`,`cDefaultValue`,`cFormatData`,`cUserId`,`iTabIndex`,`bIsNull`,`bPrintCaption`,`bJointQuery`,`bPrintUpCase`,`bSelfDefine`,`cDataSourceName`,`cOrder`,`bCheck`,`cControlType`,`cEnumType`,`refReturn`,`bShowInRowAuth`,`iRowAuthBillId`,`cStyle`,`cSelfDefineType`,`bVmExclude`,`bRowAuthDim`,`isMasterOrg`,`sysid`,`tenant_id`,`isprint`,`multiple`,`isshoprelated`,`depends`,`iSystem`,`auth_level`,`cDefineName`,`enterDirection`,`isExport`,`makeField`,`cSensFieldName`) values (@id44,@id4,@id10,@id16,@id26,'PC','code','code','分组项编码','分组项编码','18','255',1,null,null,0,1,0,null,null,null,null,null,0,0,null,1,null,'255',null,'120',null,1,0,0,null,1,null,null,null,'150',1,1,0,0,0,'pc.attachment.AttachmentGroupItem',null,1,'Input',null,null,0,null,null,null,0,0,null,null,0,1,null,0,null,1,5,null,4,1,null,null);
set @id45=@id44+1;
insert into billitem_base(`id`,`iBillId`,`iBillEntityId`,`iTplId`,`iBillTplGroupId`,`cSubId`,`cFieldName`,`cName`,`cCaption`,`cShowCaption`,`iOrder`,`iMaxLength`,`iFieldType`,`bEnum`,`cEnumString`,`isDeleted`,`bMustSelect`,`bHidden`,`cRefType`,`cRefId`,`cRefRetID`,`cDataRule`,`iFunctionType`,`bSplit`,`bExtend`,`iNumPoint`,`bCanModify`,`cSourceType`,`iMaxShowLen`,`cMemo`,`iColWidth`,`cSumType`,`iAlign`,`bNeedSum`,`bShowIt`,`bFixed`,`bFilter`,`cDefaultValue`,`cFormatData`,`cUserId`,`iTabIndex`,`bIsNull`,`bPrintCaption`,`bJointQuery`,`bPrintUpCase`,`bSelfDefine`,`cDataSourceName`,`cOrder`,`bCheck`,`cControlType`,`cEnumType`,`refReturn`,`bShowInRowAuth`,`iRowAuthBillId`,`cStyle`,`cSelfDefineType`,`bVmExclude`,`bRowAuthDim`,`isMasterOrg`,`sysid`,`tenant_id`,`isprint`,`multiple`,`isshoprelated`,`depends`,`iSystem`,`auth_level`,`cDefineName`,`enterDirection`,`isExport`,`makeField`,`cSensFieldName`) values (@id45,@id4,@id10,@id16,@id26,'PC','name','name','分组项名称','分组项名称','19','255',1,null,null,0,1,0,null,null,null,null,null,0,0,null,1,null,'255',null,'150',null,1,0,1,null,1,null,null,null,'160',1,1,1,0,0,'pc.attachment.AttachmentGroupItem',null,1,'Input',null,null,0,null,null,null,0,0,null,null,0,1,null,0,null,1,5,null,4,1,null,null);
set @id46=@id45+1;
insert into billitem_base(`id`,`iBillId`,`iBillEntityId`,`iTplId`,`iBillTplGroupId`,`cSubId`,`cFieldName`,`cName`,`cCaption`,`cShowCaption`,`iOrder`,`iMaxLength`,`iFieldType`,`bEnum`,`cEnumString`,`isDeleted`,`bMustSelect`,`bHidden`,`cRefType`,`cRefId`,`cRefRetID`,`cDataRule`,`iFunctionType`,`bSplit`,`bExtend`,`iNumPoint`,`bCanModify`,`cSourceType`,`iMaxShowLen`,`cMemo`,`iColWidth`,`cSumType`,`iAlign`,`bNeedSum`,`bShowIt`,`bFixed`,`bFilter`,`cDefaultValue`,`cFormatData`,`cUserId`,`iTabIndex`,`bIsNull`,`bPrintCaption`,`bJointQuery`,`bPrintUpCase`,`bSelfDefine`,`cDataSourceName`,`cOrder`,`bCheck`,`cControlType`,`cEnumType`,`refReturn`,`bShowInRowAuth`,`iRowAuthBillId`,`cStyle`,`cSelfDefineType`,`bVmExclude`,`bRowAuthDim`,`isMasterOrg`,`sysid`,`tenant_id`,`isprint`,`multiple`,`isshoprelated`,`depends`,`iSystem`,`auth_level`,`cDefineName`,`enterDirection`,`isExport`,`makeField`,`cSensFieldName`) values (@id46,@id4,@id10,@id16,@id26,'PC','groupId','groupId','附件分组','附件分组','20','255',1,null,null,0,1,1,null,null,null,null,null,0,0,null,1,null,'255',null,1,null,1,0,0,null,1,null,null,null,'201',1,1,0,0,0,'pc.attachment.AttachmentGroupItem',null,1,'Input',null,null,0,null,null,null,0,0,null,null,0,1,null,0,null,1,5,null,4,0,null,null);
set @id47=@id46+1;
insert into billitem_base(`id`,`iBillId`,`iBillEntityId`,`iTplId`,`iBillTplGroupId`,`cSubId`,`cFieldName`,`cName`,`cCaption`,`cShowCaption`,`iOrder`,`iMaxLength`,`iFieldType`,`bEnum`,`cEnumString`,`isDeleted`,`bMustSelect`,`bHidden`,`cRefType`,`cRefId`,`cRefRetID`,`cDataRule`,`iFunctionType`,`bSplit`,`bExtend`,`iNumPoint`,`bCanModify`,`cSourceType`,`iMaxShowLen`,`cMemo`,`iColWidth`,`cSumType`,`iAlign`,`bNeedSum`,`bShowIt`,`bFixed`,`bFilter`,`cDefaultValue`,`cFormatData`,`cUserId`,`iTabIndex`,`bIsNull`,`bPrintCaption`,`bJointQuery`,`bPrintUpCase`,`bSelfDefine`,`cDataSourceName`,`cOrder`,`bCheck`,`cControlType`,`cEnumType`,`refReturn`,`bShowInRowAuth`,`iRowAuthBillId`,`cStyle`,`cSelfDefineType`,`bVmExclude`,`bRowAuthDim`,`isMasterOrg`,`sysid`,`tenant_id`,`isprint`,`multiple`,`isshoprelated`,`depends`,`iSystem`,`auth_level`,`cDefineName`,`enterDirection`,`isExport`,`makeField`,`cSensFieldName`) values (@id47,@id4,@id10,@id16,@id26,'PC','groupId.name','groupId_name','所属分组','所属分组','21','255',1,null,null,0,1,0,'pc_attachmentgroupref',null,'{"groupId":"id","groupId_name":"name"}',null,null,0,0,null,1,null,'255',null,'120',null,1,0,0,null,1,null,null,null,'170',1,1,0,0,0,'pc.attachment.AttachmentGroupItem',null,1,'Input',null,'name',0,null,null,null,0,0,null,null,0,1,null,0,null,1,5,null,4,1,null,null);
set @id48=@id47+1;
insert into billitem_base(`id`,`iBillId`,`iBillEntityId`,`iTplId`,`iBillTplGroupId`,`cSubId`,`cFieldName`,`cName`,`cCaption`,`cShowCaption`,`iOrder`,`iMaxLength`,`iFieldType`,`bEnum`,`cEnumString`,`isDeleted`,`bMustSelect`,`bHidden`,`cRefType`,`cRefId`,`cRefRetID`,`cDataRule`,`iFunctionType`,`bSplit`,`bExtend`,`iNumPoint`,`bCanModify`,`cSourceType`,`iMaxShowLen`,`cMemo`,`iColWidth`,`cSumType`,`iAlign`,`bNeedSum`,`bShowIt`,`bFixed`,`bFilter`,`cDefaultValue`,`cFormatData`,`cUserId`,`iTabIndex`,`bIsNull`,`bPrintCaption`,`bJointQuery`,`bPrintUpCase`,`bSelfDefine`,`cDataSourceName`,`cOrder`,`bCheck`,`cControlType`,`cEnumType`,`refReturn`,`bShowInRowAuth`,`iRowAuthBillId`,`cStyle`,`cSelfDefineType`,`bVmExclude`,`bRowAuthDim`,`isMasterOrg`,`sysid`,`tenant_id`,`isprint`,`multiple`,`isshoprelated`,`depends`,`iSystem`,`auth_level`,`cDefineName`,`enterDirection`,`isExport`,`makeField`,`cSensFieldName`) values (@id48,@id4,@id10,@id16,@id26,'PC','description','description','分组描述','分组描述','22','255',1,null,null,0,0,0,null,null,null,null,null,0,0,null,0,null,'255',null,'100',null,1,0,1,null,1,null,null,null,'180',1,1,0,0,0,'pc.attachment.AttachmentGroupItem',null,1,'Input',null,null,0,null,null,null,0,0,null,null,0,1,null,0,null,1,5,null,4,1,null,null);
set @id49=@id48+1;
insert into billitem_base(`id`,`iBillId`,`iBillEntityId`,`iTplId`,`iBillTplGroupId`,`cSubId`,`cFieldName`,`cName`,`cCaption`,`cShowCaption`,`iOrder`,`iMaxLength`,`iFieldType`,`bEnum`,`cEnumString`,`isDeleted`,`bMustSelect`,`bHidden`,`cRefType`,`cRefId`,`cRefRetID`,`cDataRule`,`iFunctionType`,`bSplit`,`bExtend`,`iNumPoint`,`bCanModify`,`cSourceType`,`iMaxShowLen`,`cMemo`,`iColWidth`,`cSumType`,`iAlign`,`bNeedSum`,`bShowIt`,`bFixed`,`bFilter`,`cDefaultValue`,`cFormatData`,`cUserId`,`iTabIndex`,`bIsNull`,`bPrintCaption`,`bJointQuery`,`bPrintUpCase`,`bSelfDefine`,`cDataSourceName`,`cOrder`,`bCheck`,`cControlType`,`cEnumType`,`refReturn`,`bShowInRowAuth`,`iRowAuthBillId`,`cStyle`,`cSelfDefineType`,`bVmExclude`,`bRowAuthDim`,`isMasterOrg`,`sysid`,`tenant_id`,`isprint`,`multiple`,`isshoprelated`,`depends`,`iSystem`,`auth_level`,`cDefineName`,`enterDirection`,`isExport`,`makeField`,`cSensFieldName`) values (@id49,@id4,@id10,@id16,@id29,'PC',null,'lookat1','单据类型',null,'23','255',3,1,null,0,0,0,null,null,null,null,null,0,0,null,1,null,'255',null,'100',null,1,0,1,null,1,1,null,null,'190',1,1,0,0,0,'pc.attachment.AttachmentGroupItem',null,0,'Select','pc_attachmentGroupBillType',null,0,null,null,null,0,0,null,null,0,1,null,0,null,1,5,null,4,1,null,null);
set @id50=@id49+1;
insert into billitem_base(`id`,`iBillId`,`iBillEntityId`,`iTplId`,`iBillTplGroupId`,`cSubId`,`cFieldName`,`cName`,`cCaption`,`cShowCaption`,`iOrder`,`iMaxLength`,`iFieldType`,`bEnum`,`cEnumString`,`isDeleted`,`bMustSelect`,`bHidden`,`cRefType`,`cRefId`,`cRefRetID`,`cDataRule`,`iFunctionType`,`bSplit`,`bExtend`,`iNumPoint`,`bCanModify`,`cSourceType`,`iMaxShowLen`,`cMemo`,`iColWidth`,`cSumType`,`iAlign`,`bNeedSum`,`bShowIt`,`bFixed`,`bFilter`,`cDefaultValue`,`cFormatData`,`cUserId`,`iTabIndex`,`bIsNull`,`bPrintCaption`,`bJointQuery`,`bPrintUpCase`,`bSelfDefine`,`cDataSourceName`,`cOrder`,`bCheck`,`cControlType`,`cEnumType`,`refReturn`,`bShowInRowAuth`,`iRowAuthBillId`,`cStyle`,`cSelfDefineType`,`bVmExclude`,`bRowAuthDim`,`isMasterOrg`,`sysid`,`tenant_id`,`isprint`,`multiple`,`isshoprelated`,`depends`,`iSystem`,`auth_level`,`cDefineName`,`enterDirection`,`isExport`,`makeField`,`cSensFieldName`) values (@id50,@id4,@id10,@id16,@id26,'PC','pubts','pubts','时间戳','时间戳','24','255',1,0,null,0,1,1,null,null,null,null,null,0,0,null,1,null,'255',null,1,null,1,0,1,null,0,null,null,null,'200',1,1,0,0,0,'pc.attachment.AttachmentGroupItem',null,0,'Input',null,null,0,null,null,0,0,0,null,null,0,1,null,0,null,1,5,null,4,1,null,null);

delete pb_filter_solution_common from pb_filter_solution_common  inner join pb_filter_solution on pb_filter_solution_common.solutionId = pb_filter_solution.id  inner join pb_meta_filters on pb_filter_solution.filtersId=pb_meta_filters.id  where pb_meta_filters.filterName='pc_attachmentgrouplist'  and pb_filter_solution_common.tenant_id=0 ;
delete pb_filter_solution from pb_filter_solution  inner join pb_meta_filters on pb_filter_solution.filtersId=pb_meta_filters.id where pb_meta_filters.filterName='pc_attachmentgrouplist'  and pb_filter_solution.tenant_id=0 ;
delete from pb_meta_filter_item where filtersId in (select id from pb_meta_filters where filterName='pc_attachmentgrouplist');
delete from pb_meta_filters where filterName='pc_attachmentgrouplist';

select ifnull(max(id),0)+1 into @id55 from pb_meta_filters;
insert into pb_meta_filters(`id`,`filterName`,`filterDesc`,`subId`,`createTime`,`isUpGrade`,`dr`,`updateTime`,`advanceSupport`,`behaviorObject`) values (@id55,'pc_attachmentgrouplist','附件分组过滤','PC',now(),0,0,null,null,null);

select ifnull(max(id),0)+1 into @id60 from pb_meta_filter_item;
insert into pb_meta_filter_item(`id`,`filtersId`,`itemName`,`itemTitle`,`itemType`,`referCode`,`refType`,`refReturn`,`compareLogic`,`iprecision`,`dataSource`,`descValue`,`isCommon`,`mustInput`,`rangeInput`,`multSelect`,`allowUpdateCompare`,`orLogic`,`defaultVal1`,`defaultVal2`,`groupName`,`isSys`,`createTime`,`dr`,`referId`,`updateTime`,`cEnumType`,`bEnum`,`bAutoflt`,`displayname`,`cformatData`,`extendField`,`auth_level`,`isMasterOrg`) values (@id60,@id55,'code','分组项编码','Input',null,null,null,'like',null,'code',null,1,0,0,0,0,0,null,null,null,1,now(),0,null,null,null,null,null,null,null,null,5,null);
set @id61=@id60+1;
insert into pb_meta_filter_item(`id`,`filtersId`,`itemName`,`itemTitle`,`itemType`,`referCode`,`refType`,`refReturn`,`compareLogic`,`iprecision`,`dataSource`,`descValue`,`isCommon`,`mustInput`,`rangeInput`,`multSelect`,`allowUpdateCompare`,`orLogic`,`defaultVal1`,`defaultVal2`,`groupName`,`isSys`,`createTime`,`dr`,`referId`,`updateTime`,`cEnumType`,`bEnum`,`bAutoflt`,`displayname`,`cformatData`,`extendField`,`auth_level`,`isMasterOrg`) values (@id61,@id55,'name','分组项名称','Input',null,null,null,'like',null,'name',null,1,0,0,0,0,0,null,null,null,1,now(),0,null,null,null,null,null,null,null,null,5,null);

select ifnull(max(id),0)+1 into @id66 from pb_filter_solution;
insert into pb_filter_solution(`id`,`filtersId`,`solutionName`,`isDefault`,`isPublic`,`userId`,`orderId`,`terminalType`,`tenant_id`,`sysid`) values (@id66,@id55,'默认方案',1,1,null,null,1,0,0);

select ifnull(max(id),0)+1 into @id71 from pb_filter_solution_common;
insert into pb_filter_solution_common(`id`,`solutionId`,`itemId`,`itemName`,`itemTitle`,`refType`,`isCommon`,`rangeInput`,`multSelect`,`compareLogic`,`defaultVal1`,`defaultVal2`,`orderId`,`saveHistory`,`checkRefer`,`pb_filter_solution_commoncol`,`tenant_id`,`defineId`,`itemType`,`refercode`,`bhidden`,`isshoprelated`,`cEnumType`,`bEnum`,`bAutoflt`,`cDataRule`) values (@id71,@id66,@id60,'code','分组项编码',null,1,0,0,'like',null,null,'10',null,null,null,0,null,'Input',null,0,0,null,null,null,null);
set @id72=@id71+1;
insert into pb_filter_solution_common(`id`,`solutionId`,`itemId`,`itemName`,`itemTitle`,`refType`,`isCommon`,`rangeInput`,`multSelect`,`compareLogic`,`defaultVal1`,`defaultVal2`,`orderId`,`saveHistory`,`checkRefer`,`pb_filter_solution_commoncol`,`tenant_id`,`defineId`,`itemType`,`refercode`,`bhidden`,`isshoprelated`,`cEnumType`,`bEnum`,`bAutoflt`,`cDataRule`) values (@id72,@id66,@id61,'name','分组项名称',null,1,0,0,'like',null,null,'20',null,null,null,0,null,'Input',null,0,0,null,null,null,null);

delete from bill_toolbar where billnumber='pc_attachmentgrouplist' and tenant_id=0 ;
delete from bill_toolbaritem where billnumber='pc_attachmentgrouplist' and tenant_id=0 ;
delete from bill_command where billnumber='pc_attachmentgrouplist' and tenant_id=0 ;

select ifnull(max(id),0)+1 into @id77 from bill_toolbar;
insert into bill_toolbar(`id`,`billnumber`,`name`,`ismain`,`parent`,`align`,`subid`,`system`,`orderNum`,`childrenField`,`tplmode`,`cStyle`,`templateType`,`terminalType`,`tenant_id`) values (@id77,'pc_attachmentgrouplist','ListHeader_1',null,'ListHeader','top','PC',0,0,null,0,null,1,1,0);
set @id78=@id77+1;
insert into bill_toolbar(`id`,`billnumber`,`name`,`ismain`,`parent`,`align`,`subid`,`system`,`orderNum`,`childrenField`,`tplmode`,`cStyle`,`templateType`,`terminalType`,`tenant_id`) values (@id78,'pc_attachmentgrouplist','ListBody',null,'Table_3','left','PC',0,1,null,0,null,1,1,0);
set @id79=@id78+1;
insert into bill_toolbar(`id`,`billnumber`,`name`,`ismain`,`parent`,`align`,`subid`,`system`,`orderNum`,`childrenField`,`tplmode`,`cStyle`,`templateType`,`terminalType`,`tenant_id`) values (@id79,'pc_attachmentgrouplist','addAttachmentGroup',null,'addAttachmentGroupDiv','right','PC',0,2,null,0,null,1,1,0);
set @id80=@id79+1;
insert into bill_toolbar(`id`,`billnumber`,`name`,`ismain`,`parent`,`align`,`subid`,`system`,`orderNum`,`childrenField`,`tplmode`,`cStyle`,`templateType`,`terminalType`,`tenant_id`) values (@id80,'pc_attachmentgrouplist','ListBody_2',null,'productTreeDiv','left','PC',1,3,null,0,null,1,1,0);

select ifnull(max(id),0)+1 into @id85 from bill_toolbaritem;
insert into bill_toolbaritem(`id`,`billnumber`,`toolbar`,`name`,`command`,`type`,`style`,`text`,`parameter`,`imgsrc`,`parent`,`order`,`subid`,`system`,`authid`,`authcontrol`,`authname`,`bMerge`,`icon`,`sysid`,`tenant_id`,`auth_level`,`cDataRule`) values (@id85,'pc_attachmentgrouplist','ListHeader_1','btnAdd','cmdAdd','primarybutton',0,'新增',null,null,null,1,'PC',1,'pc_attachmentgrouplistadd',1,null,1,'plus-copy',null,0,5,null);
set @id86=@id85+1;
insert into bill_toolbaritem(`id`,`billnumber`,`toolbar`,`name`,`command`,`type`,`style`,`text`,`parameter`,`imgsrc`,`parent`,`order`,`subid`,`system`,`authid`,`authcontrol`,`authname`,`bMerge`,`icon`,`sysid`,`tenant_id`,`auth_level`,`cDataRule`) values (@id86,'pc_attachmentgrouplist','ListBody','btnEdit','cmdEdit','button',0,'编辑',null,null,null,2,'PC',1,'pc_attachmentgrouplistedit',1,null,1,'bianji1',null,0,5,null);
set @id87=@id86+1;
insert into bill_toolbaritem(`id`,`billnumber`,`toolbar`,`name`,`command`,`type`,`style`,`text`,`parameter`,`imgsrc`,`parent`,`order`,`subid`,`system`,`authid`,`authcontrol`,`authname`,`bMerge`,`icon`,`sysid`,`tenant_id`,`auth_level`,`cDataRule`) values (@id87,'pc_attachmentgrouplist','ListBody','btnDelete','cmdDelete','button',0,'删除',null,null,null,3,'PC',1,'pc_attachmentgrouplistdelete',1,null,1,'shanchu1',null,0,5,null);
set @id88=@id87+1;
insert into bill_toolbaritem(`id`,`billnumber`,`toolbar`,`name`,`command`,`type`,`style`,`text`,`parameter`,`imgsrc`,`parent`,`order`,`subid`,`system`,`authid`,`authcontrol`,`authname`,`bMerge`,`icon`,`sysid`,`tenant_id`,`auth_level`,`cDataRule`) values (@id88,'pc_attachmentgrouplist','ListHeader_1','btnBatchOp','cmdBatchOp','dropdownbutton',0,'批量操作',null,null,null,4,'PC',1,'pc_attachmentgrouplistbatcho',1,null,1,null,null,0,5,null);
set @id89=@id88+1;
insert into bill_toolbaritem(`id`,`billnumber`,`toolbar`,`name`,`command`,`type`,`style`,`text`,`parameter`,`imgsrc`,`parent`,`order`,`subid`,`system`,`authid`,`authcontrol`,`authname`,`bMerge`,`icon`,`sysid`,`tenant_id`,`auth_level`,`cDataRule`) values (@id89,'pc_attachmentgrouplist','ListHeader_1','btnExport','cmdExport','button',0,'Excel导出',null,null,@id88,5,'PC',1,'pc_attachmentgrouplistexcelexport',1,null,1,null,null,0,5,null);
set @id90=@id89+1;
insert into bill_toolbaritem(`id`,`billnumber`,`toolbar`,`name`,`command`,`type`,`style`,`text`,`parameter`,`imgsrc`,`parent`,`order`,`subid`,`system`,`authid`,`authcontrol`,`authname`,`bMerge`,`icon`,`sysid`,`tenant_id`,`auth_level`,`cDataRule`) values (@id90,'pc_attachmentgrouplist','ListHeader_1','btnPdfexport','cmdPdfexport','button',0,'PDF导出',null,null,@id88,6,'PC',1,'pc_attachmentgrouplistpdfexport',1,null,1,null,null,0,5,null);
set @id91=@id90+1;
insert into bill_toolbaritem(`id`,`billnumber`,`toolbar`,`name`,`command`,`type`,`style`,`text`,`parameter`,`imgsrc`,`parent`,`order`,`subid`,`system`,`authid`,`authcontrol`,`authname`,`bMerge`,`icon`,`sysid`,`tenant_id`,`auth_level`,`cDataRule`) values (@id91,'pc_attachmentgrouplist','ListHeader_1','btnTempexport','cmdTempexport','button',0,'模板导出',null,null,@id88,7,'PC',1,'pc_attachmentgrouplistexport',1,null,1,null,null,0,5,null);
set @id92=@id91+1;
insert into bill_toolbaritem(`id`,`billnumber`,`toolbar`,`name`,`command`,`type`,`style`,`text`,`parameter`,`imgsrc`,`parent`,`order`,`subid`,`system`,`authid`,`authcontrol`,`authname`,`bMerge`,`icon`,`sysid`,`tenant_id`,`auth_level`,`cDataRule`) values (@id92,'pc_attachmentgrouplist','ListHeader_1','btnImport','cmdImport','button',0,'导入',null,null,@id88,8,'PC',1,'pc_attachmentgrouplistimport',1,null,1,null,null,0,5,null);
set @id93=@id92+1;
insert into bill_toolbaritem(`id`,`billnumber`,`toolbar`,`name`,`command`,`type`,`style`,`text`,`parameter`,`imgsrc`,`parent`,`order`,`subid`,`system`,`authid`,`authcontrol`,`authname`,`bMerge`,`icon`,`sysid`,`tenant_id`,`auth_level`,`cDataRule`) values (@id93,'pc_attachmentgrouplist','addAttachmentGroup','btnattachmentgroupadd','cmdattachmentgroupadd','button',0,'新增','{"billnum":"pc_attachmentgroup","type":"tree"}',null,null,9,'PC',1,null,1,null,1,'plus',null,0,5,null);
set @id94=@id93+1;
insert into bill_toolbaritem(`id`,`billnumber`,`toolbar`,`name`,`command`,`type`,`style`,`text`,`parameter`,`imgsrc`,`parent`,`order`,`subid`,`system`,`authid`,`authcontrol`,`authname`,`bMerge`,`icon`,`sysid`,`tenant_id`,`auth_level`,`cDataRule`) values (@id94,'pc_attachmentgrouplist','ListBody_2','btnattachmentgroupedit','cmdattachmentgroupedit','button',0,'编辑','{"billnum":"pc_attachmentgroup","type":"tree"}',null,null,'10','PC',1,null,1,null,1,'edit-disabled',null,0,5,null);
set @id95=@id94+1;
insert into bill_toolbaritem(`id`,`billnumber`,`toolbar`,`name`,`command`,`type`,`style`,`text`,`parameter`,`imgsrc`,`parent`,`order`,`subid`,`system`,`authid`,`authcontrol`,`authname`,`bMerge`,`icon`,`sysid`,`tenant_id`,`auth_level`,`cDataRule`) values (@id95,'pc_attachmentgrouplist','ListBody_2','btnattachmentgroupdelete','cmdattachmentgroupdelete','button',0,'删除','{"billnum":"pc_attachmentgroup","type":"tree"}',null,null,'11','PC',1,null,1,null,1,'delete-disabled',null,0,5,null);

insert into bill_command(`id`,`name`,`action`,`billnumber`,`target`,`ruleid`,`svcurl`,`httpmethod`,`subid`,`system`,`parameter`,`authid`,`tenant_id`) values (@id60,'cmdAdd','add','pc_attachmentgrouplist',null,null,'/bill/add','GET','PC',1,null,'pc_attachmentgrouplistadd',0);
insert into bill_command(`id`,`name`,`action`,`billnumber`,`target`,`ruleid`,`svcurl`,`httpmethod`,`subid`,`system`,`parameter`,`authid`,`tenant_id`) values (@id61,'cmdEdit','edit','pc_attachmentgrouplist','ListBody',null,'/bill/edit','GET','PC',1,null,'pc_attachmentgrouplistedit',0);
select ifnull(max(id),0)+1 into @id102 from bill_command;
insert into bill_command(`id`,`name`,`action`,`billnumber`,`target`,`ruleid`,`svcurl`,`httpmethod`,`subid`,`system`,`parameter`,`authid`,`tenant_id`) values (@id102,'cmdDelete','batchdelete','pc_attachmentgrouplist','ListBody',null,'/bill/batchdelete','POST','PC',1,null,'pc_attachmentgrouplistdelete',0);
set @id103=@id102+1;
insert into bill_command(`id`,`name`,`action`,`billnumber`,`target`,`ruleid`,`svcurl`,`httpmethod`,`subid`,`system`,`parameter`,`authid`,`tenant_id`) values (@id103,'cmdExport','batchoutput','pc_attachmentgrouplist',null,null,'/bill/export','POST','PC',1,null,'pc_attachmentgrouplistexcelexport',0);
set @id104=@id103+1;
insert into bill_command(`id`,`name`,`action`,`billnumber`,`target`,`ruleid`,`svcurl`,`httpmethod`,`subid`,`system`,`parameter`,`authid`,`tenant_id`) values (@id104,'cmdPdfexport','batchoutput','pc_attachmentgrouplist',null,null,'/bill/pdfexport','POST','PC',1,null,'pc_attachmentgrouplistexcelexport',0);
set @id105=@id104+1;
insert into bill_command(`id`,`name`,`action`,`billnumber`,`target`,`ruleid`,`svcurl`,`httpmethod`,`subid`,`system`,`parameter`,`authid`,`tenant_id`) values (@id105,'cmdTempexport','tempexport','pc_attachmentgrouplist',null,null,'/billtemp/export','POST','PC',1,null,'pc_attachmentgrouplistexcelexport',0);
set @id106=@id105+1;
insert into bill_command(`id`,`name`,`action`,`billnumber`,`target`,`ruleid`,`svcurl`,`httpmethod`,`subid`,`system`,`parameter`,`authid`,`tenant_id`) values (@id106,'cmdImport','batchimport','pc_attachmentgrouplist',null,null,'/bill/billImport','POST','PC',1,null,'pc_attachmentgrouplistimport',0);
set @id107=@id106+1;
insert into bill_command(`id`,`name`,`action`,`billnumber`,`target`,`ruleid`,`svcurl`,`httpmethod`,`subid`,`system`,`parameter`,`authid`,`tenant_id`) values (@id107,'cmdQueryTree','querytree','pc_attachmentgrouplist',null,null,'/bill/querytree','POST','PC',1,null,null,0);
set @id108=@id107+1;
insert into bill_command(`id`,`name`,`action`,`billnumber`,`target`,`ruleid`,`svcurl`,`httpmethod`,`subid`,`system`,`parameter`,`authid`,`tenant_id`) values (@id108,'cmdGetRefData','getRefData','pc_attachmentgrouplist',null,null,'/bill/getrefdata','POST','PC',1,null,null,0);
set @id109=@id108+1;
insert into bill_command(`id`,`name`,`action`,`billnumber`,`target`,`ruleid`,`svcurl`,`httpmethod`,`subid`,`system`,`parameter`,`authid`,`tenant_id`) values (@id109,'cmdList','list','pc_attachmentgrouplist',null,null,'/bill/list','POST','PC',1,null,null,0);
set @id110=@id109+1;
insert into bill_command(`id`,`name`,`action`,`billnumber`,`target`,`ruleid`,`svcurl`,`httpmethod`,`subid`,`system`,`parameter`,`authid`,`tenant_id`) values (@id110,'cmdattachmentgroupadd','add','pc_attachmentgrouplist',null,null,'/bill/add','GET','PC',1,'{"billnum":"pc_attachmentgroup","type":"tree"}','pc_attachmentgrouplistadd',0);
set @id111=@id110+1;
insert into bill_command(`id`,`name`,`action`,`billnumber`,`target`,`ruleid`,`svcurl`,`httpmethod`,`subid`,`system`,`parameter`,`authid`,`tenant_id`) values (@id111,'cmdattachmentgroupedit','edit','pc_attachmentgrouplist','ListBody_2',null,'/bill/edit','GET','PC',1,'{"billnum":"pc_attachmentgroup","type":"tree"}','pc_attachmentgrouplistedit',0);
set @id112=@id111+1;
insert into bill_command(`id`,`name`,`action`,`billnumber`,`target`,`ruleid`,`svcurl`,`httpmethod`,`subid`,`system`,`parameter`,`authid`,`tenant_id`) values (@id112,'cmdattachmentgroupdelete','batchdelete','pc_attachmentgrouplist','ListBody_2',null,'/bill/batchdelete','POST','PC',1,'{"billnum":"pc_attachmentgroup","type":"tree"}','pc_attachmentgrouplistdelete',0);

update bill_base set `iDefTplId`=@id16 where `id`=@id4;
update bill_base set `cFilterId`=@id55 where `id`=@id4;
update pub_ref set cFilterId=@id55 where cbillnum = 'pc_attachmentgrouplist';